pc,epijepa,released_lewm
1,0.013580246209229334,0.020892089389225325
2,0.013433666049261552,0.020744862413771548
3,0.013094447113958033,0.020011791835693443
4,0.01300253884464771,0.019696772092083942
5,0.0126650998315867,0.01944801981966977
6,0.012590619030175883,0.018968562133307932
7,0.012397456014313597,0.01865800591079016
8,0.011918901160997086,0.018614101276047387
9,0.011802142558990139,0.018121099222584487
10,0.011413969985174102,0.01787539646783367
11,0.011346474579492194,0.01742693538952241
12,0.011183868528016476,0.01699340361863133
13,0.011014943307480762,0.016897187760036313
14,0.010890770693002235,0.016791463008321125
15,0.010817178703695245,0.016506599693739653
16,0.010660895997162315,0.016364146107370692
17,0.010549321076524988,0.0162300410263061
18,0.010521852362080399,0.015953733949255363
19,0.010356795555854274,0.015906137762669473
20,0.010211018002985526,0.01565028708829989
21,0.010028839576974112,0.015386656506885215
22,0.009898472632827173,0.015256447139973433
23,0.009755307629516803,0.015229612042810514
24,0.009631424043120864,0.015067594871744912
25,0.009575363356401606,0.014986160124059353
26,0.009459068764960176,0.014698626689733551
27,0.00940384280523642,0.014527921789148248
28,0.009310964139114895,0.014302502285564742
29,0.009266799643476722,0.014133783408163531
30,0.009016474256552252,0.014083418090016654
