agent_x,agent_y,episode,step,epijepa_pca1,epijepa_pca2,epijepa_pca3,released_lewm_pca1,released_lewm_pca2,released_lewm_pca3
71.12141,104.50593,4748,0,-6.102547536870161,-4.415961715074084,1.571122984699361,1.2559883996311252,-1.3604212302404646,-3.689166183427508
66.12141,106.34553,4748,1,-6.311987011603993,-4.928670632123013,1.3489407849805974,-0.28882979657483593,-4.730573108524823,-2.873377336799558
66.22549,111.34553,4748,2,-6.544297064527109,-5.731511646968797,1.0731443198171375,-0.11409361177164373,-4.299157252391719,-1.7895383806781389
61.225487,116.34553,4748,3,-6.683073439094799,-6.6764022622241646,0.4895204480652279,-1.0843662051502083,-3.6899977821984584,-0.43725165271885363
56.225487,111.35298,4748,4,-6.608468058091335,-6.040614971428668,0.6905835158405468,-1.3279148819716264,-2.369827113838981,-1.4669391227313888
61.225487,110.726974,4748,5,-6.43940855876461,-5.958551552558635,0.9395373096439781,-1.0595346355299247,-4.2648843795042195,-1.5564121651954166
56.225487,105.726974,4748,6,-6.387981811341007,-5.043215477519381,0.979821112428777,-3.248455624319872,-2.662405104496622,-2.227074423260574
61.225487,100.726974,4748,7,-6.371320141495261,-4.342359962212553,1.2321112559511438,-3.041364310134722,-4.148087016801995,-2.1371657894654
66.22549,95.726974,4748,8,-6.303535107519666,-3.03767430071422,1.3978829623047118,-1.1271138371327618,-2.9293813678872356,-1.1053898183924016
71.22549,90.726974,4748,9,-6.0327647149911545,-1.921752259572172,1.4946682127156596,0.981613287130334,2.5749578968846194,0.01648705697150804
76.22549,92.04866,4748,10,-5.771972598048935,-1.8985807944021507,1.8234727982315582,-0.9823803705486392,4.493195568442106,0.750633479969413
71.22549,92.57294,4748,11,-5.916042298285509,-2.1650303971401454,1.5933407384251506,0.6503616826400452,1.888854634449062,-0.7070056361136446
73.99225,87.57294,4748,12,-5.830505831365818,-1.2031556788199678,1.5728054784712564,1.2093212212614057,5.543022669328483,0.9024376166192283
78.99225,86.23891,4748,13,-5.526471552022487,-0.6929185892051312,1.661855168221616,-2.05185973280401,4.98343624217029,3.3677279976281764
83.99225,87.87241,4748,14,-5.232402567729352,-0.69751925061914,1.9285224528800828,-3.437306997773124,0.9802831517293934,4.230577407007606
88.99225,82.87241,4748,15,-5.009459838532286,0.12424596724815173,1.7999194305510782,0.894755558749083,0.4602309549091722,0.11873931828744716
93.99225,77.87241,4748,16,-5.0266941562519385,0.8511812761185864,1.4605966021574124,-0.25965966470474616,-1.0105240411916077,0.3301437920704979
93.2167,72.87241,4748,17,-5.43412631891185,1.2635480674833977,0.9142652046898205,-0.17562869742145182,-0.48971224909664046,-0.01912255382565825
88.2167,67.87241,4748,18,-6.073745617673925,1.5412416210040825,0.22807666565124332,-1.8575174739371154,0.38844535026318827,-0.16694615687029957
85.23852,62.872414,4748,19,-6.594474800458712,1.7256168113047257,-0.5206119666808671,-1.965165618909551,0.20720423873666538,0.2921139927088011
82.11817,57.872414,4748,20,-7.081265771805393,1.892635999018972,-1.1674222845038822,-0.9956502390845915,-0.6765531759526306,0.7545931280155677
85.73508,61.14687,4748,21,-6.653286907353744,1.8683561877972212,-0.6662558074917397,-1.6615904226311193,0.015158502185110168,0.30446775282053795
80.73508,56.14687,4748,22,-7.052739866903059,1.883652938125713,-1.4139516617362407,-0.4183928000766072,-0.4174227050916351,0.6625739284587511
85.73508,53.020035,4748,23,-7.055502798535087,2.135967546559496,-1.5555897545486617,-1.1484599431502935,-0.364427400651724,1.5025611753118062
86.845856,58.020035,4748,24,-6.941128125808479,1.990309048252328,-1.0123923673968447,-1.288817231771263,-0.19010226942669672,0.39615016207520215
91.845856,53.020035,4748,25,-7.046574994662461,2.3076612733710955,-1.5435758156049988,-0.6118376294796734,-0.06465638926720885,0.9008891945948716
92.04821,58.020035,4748,26,-6.762488547446752,2.121222888704671,-0.9452280101998367,-0.14874253406697177,-0.8409147711390496,-0.5660800997345635
95.67132,55.6844,4748,27,-6.902203512028212,2.270231866294092,-1.2013946919091167,-0.17940841976822403,-0.86854609515853,-0.1762899259969566
91.71902,60.6844,4748,28,-6.562599236292287,1.9760463742335868,-0.6228361685838706,0.016278043572879597,-0.793227988842132,-0.4378865436839076
96.68348,60.94404,4748,29,-6.509427472619004,1.9971679609249506,-0.5410330809514053,0.9787729835762171,-0.5683163304853858,-0.27933758167369127
91.68348,56.18555,4748,30,-6.907085033185521,2.1953659948067306,-1.148386871981068,-0.43824540247839006,-0.6464470571733287,-0.17560561389809512
96.68348,61.18555,4748,31,-6.525189468882917,2.020968179186594,-0.5124493854985639,1.0581746027920949,-0.578403057823886,-0.26954679443878293
98.06112,56.18555,4748,32,-6.8681850524197365,2.2579199132031755,-1.0804322284047567,-0.0638470315171899,-0.5241930362155032,-0.5229296771995033
103.06112,51.18555,4748,33,-7.159740580262512,2.464492000036363,-1.6891311033657546,-0.6290084044657183,0.25761709189435844,1.5442779699751492
106.200035,46.18555,4748,34,-7.279633793570503,2.5933653513085266,-2.1593630347656045,-0.04938934706632514,0.24007988396515378,0.5268131576616917
111.200035,51.18555,4748,35,-7.054403447840119,2.4295868397496276,-1.6154859413362628,-0.6366700246410577,-0.7102406955006455,1.4466323246220376
106.200035,56.18555,4748,36,-6.846407818527216,2.2405192092389745,-1.0708245267108354,-0.47232922624453655,0.22083005803018796,-0.9831016072858447
111.200035,61.18555,4748,37,-6.481232066466176,2.000766305818715,-0.5231152611197086,0.3540880499120963,-0.40129838302981047,-0.9236448488611285
107.030464,57.813644,4748,38,-6.747128425062018,2.158934793640573,-0.8834674843067019,-0.36866652755294077,0.17830176610458814,-0.2764064377804515
106.48691,62.813644,4748,39,-6.387530936447802,1.9561731874267272,-0.32538104143157554,1.0948650978386385,-0.0911341793116619,-0.599169408053571
99.5,67.813644,4748,40,-5.912828768373364,1.6882449806072446,0.3215015662902632,-0.8561259454813717,0.9770941063930031,-0.017609501862909327
99.5,72.813644,4748,41,-5.388095514338263,1.301400090555278,0.9274172105715763,-0.7662330845995395,0.4812479894632503,-0.7903268848281347
95.106636,67.813644,4748,42,-5.930857713176948,1.6640288200088584,0.3205000336607533,-0.9103968970196135,-0.16277207729394183,0.09752751174663532
99.5,64.77211,4748,43,-6.215904833994717,1.8475045629840452,-0.07284318034889062,0.8977830915557179,0.592061352013182,0.5076637709979416
104.5,59.77211,4748,44,-6.6497077409502,2.130330573520216,-0.6653033082966102,0.19951914827287998,-0.16762258126266782,-0.12662542752293424
109.5,54.77211,4748,45,-6.981765424984571,2.3085384788227854,-1.2598957162059747,-0.6921368260964726,-0.3171709254151989,-1.1509381288637497
114.5,59.77211,4748,46,-6.61772478989245,2.0545294741967677,-0.7047460879565083,0.027751096740488757,-0.1838222978172538,-0.6140671512451094
114.272156,62.36294,4748,47,-6.4326633761189935,1.9415472634270083,-0.38468264499078925,0.75117601605087,0.006786043326633129,-0.9555641814456743
124.5,65.074936,4748,48,-6.277796501871965,1.8165705054386465,-0.08962012849192028,0.64360530148782,0.16476851644899482,0.17097272611593367
124.5,70.074936,4748,49,-5.73604854139061,1.5578763742101231,0.5835124979612325,-0.7854988724423301,-0.12800591912410197,0.18172105461286947
129.5,75.074936,4748,50,-4.449845513168863,1.2828463557740681,1.5463531691455699,0.11503861229714857,-0.290130723412158,0.2911320559675607
134.5,73.221664,4748,51,-4.887024682139642,1.3912511141627388,1.1857533412131032,1.2512029681835082,-0.4680065008715206,0.29458870193638464
129.5,78.221664,4748,52,-3.5899567848137446,1.175250926433634,2.073994395311196,-0.0359056210561467,-0.8404372718371752,-0.1728904594071219
124.5,73.221664,4748,53,-5.113715104249568,1.3884716199960139,1.1065334150510548,-0.806790313443662,-0.20018131220163748,0.24697368669616493
124.5,70.77472,4748,54,-5.555553821479296,1.5082421845315204,0.7202752693097707,-0.8106092749776581,-0.09238997632147683,0.27056899375684235
129.38902,74.70563,4748,55,-4.5677880823916475,1.2964215089390683,1.4699224791023984,0.10735562029046014,-0.1872502034124771,0.2932376407214714
134.38902,79.70563,4748,56,-2.6244209000865295,1.1154174883146604,2.5647727550875588,0.9336639848539765,-0.7864541333675599,0.16202718488773482
139.38902,84.70563,4748,57,-0.007012690335451377,1.0077012504551377,3.5663897581152466,-0.29585198662993617,2.7389084112500237,-0.05292871640035823
142.85023,83.41544,4748,58,-0.03558198158316861,1.1670956973249227,3.5174020736360863,-1.874717534726918,2.7964158154829466,1.597563880517936
143.83136,88.41544,4748,59,2.8939988184501115,0.9867306260170856,4.410567574969316,-2.2025254938376886,1.678825897878987,2.9211272170443814
138.83136,93.41544,4748,60,5.9197249625946196,0.925013884408535,4.721926309586787,0.0003545933483671271,1.684895730439822,-0.7775312113790744
134.68915,98.41544,4748,61,9.960032846535935,0.8115498607986276,4.859035423738942,0.7040488675399215,0.9171587827592637,-1.7239803104537232
129.68915,103.41544,4748,62,13.524170272610187,0.7646405543579129,4.697495399156287,-0.945141530273535,0.8700286618062757,-0.8412526380540218
125.35578,108.41544,4748,63,17.199938107021588,0.7329344572966833,3.991508257637214,-1.3933291846271623,-0.7360207676986904,-0.4359493266386441
130.35577,103.41544,4748,64,13.856816950541072,0.7579282980379837,4.594615223641939,-0.7956722293286389,0.8954809003882199,-0.8762001194204444
133.50832,108.41544,4748,65,17.301036054782337,0.7511609127895825,4.050969700549925,0.08686492176735983,0.4152251601912037,-0.9108904107647766
128.50832,113.41544,4748,66,20.199867355709248,0.6186121567143896,3.3404258159712903,-0.5751559670768192,-1.3293356683604758,-0.07180894875453912
133.50832,108.41544,4748,67,17.301036054782337,0.7511609127895825,4.050969700549925,0.08686492176735983,0.4152251601912037,-0.9108904107647766
138.50832,103.41544,4748,68,13.786997198299805,0.7722716838541331,4.6091897111083355,-0.8680708703273917,3.012819903153649,-3.290477769330275
143.50832,101.88647,4748,69,13.368028190515876,0.8962703524426017,4.956095918801797,-2.8270095486221463,2.4907094325626202,-0.990923203574102
147.53813,106.88647,4748,70,17.03374868942344,0.8237798230155755,4.348759107085135,-3.0156332768444365,0.9767784821052682,-0.08012762802019838
152.53813,101.88647,4748,71,14.113920907695116,0.8589686390404015,5.0569045536090105,-0.44954378634218695,-1.376502560410144,1.4548893881318066
147.53813,106.88647,4748,72,17.03374868942344,0.8237798230155755,4.348759107085135,-3.0156332768444365,0.9767784821052682,-0.08012762802019838
145.88713,106.44018,4748,73,16.726876013062867,0.8113709521708774,4.345135478990404,-3.3772758355770294,1.7398743623993425,-0.5297286266615979
140.88713,111.44018,4748,74,19.52535193194,0.7289688916093221,3.6172609724445794,-1.7709677039348555,2.3787346849938222,-2.6916932238218543
135.88713,115.891884,4748,75,21.979874832792543,0.5554613386153288,2.9217247671806876,0.8323522045281808,-0.3848372512387247,-0.5008028820702908
140.18224,112.971725,4748,76,20.66174883643012,0.6627532769734696,3.36780840469246,-1.181368465310324,1.883060728448862,-2.4614857355288455
135.18224,117.971725,4748,77,23.121240123434525,0.514827702060246,2.5856809197603225,1.0467569432404573,-0.9294962606776135,0.16894913997533018
135.00475,112.971725,4748,78,20.235919876953268,0.612680496358795,3.4484545433944134,0.5999412295650943,-0.24481656125001283,-0.5909496595292104
132.43848,110.331566,4748,79,18.4218394630645,0.7308853347954386,3.8566375806132913,0.03066731538170475,-0.28002805122876906,-0.3105010574434382
137.43848,115.331566,4748,80,21.60462349193424,0.6114818573494971,3.1070775694389243,0.3155546950130471,0.44051250060555047,-1.4103881273012613
132.43848,110.3685,4748,81,18.729995116756164,0.7230694948407052,3.776240660394705,0.033031190473262584,-0.3414943213055963,-0.29198225640936115
137.43848,115.3685,4748,82,21.827925194800862,0.5763785406294982,2.997421003477983,0.3006664150826116,0.4767683746080632,-1.4181309431314404
142.43848,113.04065,4748,83,20.898779317234037,0.6004837637531897,3.3453428580760405,-2.005274826109536,1.7977925257413738,-1.9811777952367036
137.43848,118.04065,4748,84,23.222912864205444,0.5494015041726346,2.493876522560232,0.4826064513602075,0.1468268624437996,-1.0564108518206776
133.71252,123.04065,4748,85,25.49044544095457,0.3902091030399055,1.659878709335831,0.7451352821055011,-1.3745910895238158,0.6213039010864663
138.71252,118.04065,4748,86,23.25478386524427,0.5586723558974158,2.5788733109400845,0.031155585828727905,0.6383914206638269,-1.5089252000598499
133.71252,123.04065,4748,87,25.49044544095457,0.3902091030399055,1.659878709335831,0.7451352821055011,-1.3745910895238158,0.6213039010864663
137.17038,128.04065,4748,88,27.84472756831886,0.2932916647767648,0.7036202721155456,-0.07247802364041622,0.3775417571964944,-1.3699852115410738
142.17038,128.16638,4748,89,28.016212692807994,0.3073241830652437,0.7049693508231779,-1.8016504435394074,0.7974507689171432,-1.6663005013056982
147.17038,133.16638,4748,90,30.26640600486794,0.14475741640379486,-0.3356754743843479,-2.301811379213526,-0.567450846707273,-1.003023325948408
152.17038,137.53189,4748,91,31.866312453024026,0.04022121156111279,-1.1980031671030542,-1.3844781803602522,-2.02792149582786,-1.6949404618139283
153.67766,142.53189,4748,92,33.53575749147734,-0.07407115035549933,-2.0199387577935304,-1.027106346441526,-2.908501252160372,-1.7731077446182089
158.67766,147.53189,4748,93,35.03223781333326,-0.24232102798896324,-2.866052293308754,0.5849165978420505,-4.0591704666563535,-1.0437645581144062
157.48633,146.78333,4748,94,34.62173951514665,-0.1917903701845524,-2.603982620044204,0.2672966204221743,-3.9348706810543375,-1.1627723742327605
152.48633,147.60942,4748,95,34.89712914077133,-0.21504173197844584,-2.685139898814849,-0.7974426310014742,-3.4784723715591137,-0.7343906318798629
153.37471,152.60942,4748,96,36.280002265289724,-0.4068140619720355,-3.4193287727848998,0.32558909356341903,-4.144574115635899,0.7873734149216352
158.37471,157.60942,4748,97,37.46057101174085,-0.466863446839607,-3.995408990413389,2.801481446832977,-4.876461762660788,2.157746759990288
157.08124,161.15553,4748,98,37.94238416217645,-0.5708525549102481,-4.39437120751704,2.9106310132566597,-4.67916978445078,3.5739115472920817
152.87807,157.50832,4748,99,37.26006960325746,-0.4925160688886886,-3.9698825389308325,0.8626027092178132,-4.318501508163588,2.559785534728389
147.87807,161.6922,4748,100,38.05163745101105,-0.5972300120313695,-4.4305900835346925,-0.5937820064670224,-2.0201622946858815,5.183538679302194
