block_x,block_y,block_z,block_yaw,effector_x,effector_y,effector_z,gripper_opening,episode,step,epijepa_pca1,epijepa_pca2,epijepa_pca3,released_lewm_pca1,released_lewm_pca2,released_lewm_pca3
0.48854200432386397,-0.10413173609505669,0.02,0.4308283522953331,0.42499995349929687,-5.927090471467913e-07,0.2749988821824685,0.0,348,0,1.053630976223653,14.670953678831594,-12.202479508898744,0.7417438299819984,2.101637969015291,-0.269052059965243
0.48854200432390543,-0.10413173609498974,0.01994887806559409,0.4308283522953331,0.42625019000939307,0.003943601487563314,0.27476790139514695,0.0014282461100838587,348,1,0.8179763491237622,13.692856482245801,-10.35321811219835,0.7606178297027211,2.0791247417817074,-0.2641208946710431
0.48854200432391115,-0.10413173609498036,0.01995989911734845,0.4308283522953331,0.43494576916749184,-0.0028163646564977503,0.2686940223202149,0.0022814217956405587,348,2,0.7215075431598577,9.017739563639525,-5.042794275001991,0.7973061476916432,2.036395414440026,-0.2795850533749603
0.4885420043239114,-0.10413173609497971,0.019960667509541622,0.4308283522953331,0.4426085480308213,-0.012957932722324976,0.25980309307220445,0.0028215242541254418,348,3,0.5232362629056767,5.85832984257547,-2.0037403548607573,0.8491756147320195,2.033370075990878,-0.3191251799714478
0.4885420043239114,-0.10413173609497971,0.019960720749297767,0.4308283522953331,0.4484993675743638,-0.027688929364310638,0.24591010301222244,0.05214830488654445,348,4,1.2740999144227771,5.60001990304568,-1.8689267488477226,0.911531183124049,1.976701531404528,-0.378586484359591
0.4885420043239114,-0.10413173609497971,0.019960724438452218,0.4308283522953331,0.4580419660654269,-0.043527606542794355,0.23090751240548568,0.06210275581669757,348,5,2.040487516231336,5.146591920450973,-1.7871836479121446,0.9755232848989176,1.9080288845710718,-0.398718097704276
0.4885420043239114,-0.10413173609497971,0.019960724694087963,0.4308283522953331,0.4652668308357592,-0.06209390525362991,0.21901348409638155,0.059738154485049676,348,6,2.876475793263348,4.3707120639558905,-1.7951558672743655,1.0265178525851482,1.8265087915130869,-0.3868617408152939
0.4885420043239114,-0.10413173609497971,0.019960724711801967,0.4308283522953331,0.47740129604522263,-0.07937358770008256,0.20593193305120544,0.07539982404550324,348,7,3.610724460886545,3.541821971089421,-1.858285914320696,1.084101285430604,1.7340879881417026,-0.36530802577276605
0.4885420043239114,-0.10413173609497971,0.019960724713029444,0.4308283522953331,0.4866711903029673,-0.0912258093832215,0.19213079465149097,0.08304684786235,348,8,4.1079930171860415,2.7533497764058894,-1.7971403278517522,1.1304468339024214,1.5524523545897841,-0.33885342074984404
0.4885420043239114,-0.10413173609497971,0.019960724713114494,0.4308283522953331,0.48895011357535056,-0.09452510263353088,0.1827450851081083,0.08026707890574578,348,9,4.330369035440109,2.403051140643971,-1.7349321281522003,1.1424785165145943,1.4396371441743068,-0.36781154392391857
0.4885420043239114,-0.10413173609497971,0.019960724713120388,0.4308283522953331,0.4885923847840779,-0.09866944666240744,0.17187865293892823,0.05002249258309416,348,10,4.56833196861629,1.9939509649073397,-1.584057883936671,1.138012533240329,1.4008824275364862,-0.3646327579900469
0.4885420043239114,-0.10413173609497971,0.019960724713120798,0.4308283522953331,0.48638626077132113,-0.10408048088437924,0.16146158089334375,0.03573465642589001,348,11,4.850466240652276,1.5604134353352692,-1.4777458342154675,1.1100389167862499,1.351948000321988,-0.3605226516070654
0.4885420043239114,-0.10413173609497971,0.019960724713120815,0.4308283522953331,0.48821762638655014,-0.104689590371369,0.15165071112433565,0.04736589825428601,348,12,5.059094246666882,1.223951063907141,-1.3138759937607511,1.0895071049540184,1.2576345631320356,-0.39795232201925496
0.4885420043239114,-0.10413173609497971,0.019960724713120815,0.4308283522953331,0.48885094051577627,-0.10562056356537314,0.14080510915846253,0.03753566113374206,348,13,5.243069083064513,0.9083209911799007,-1.1067994040785165,1.0665289310663144,1.1684355402803817,-0.43209155661817134
0.4885420043239114,-0.10413173609497971,0.019960724713120815,0.4308283522953331,0.48905926093923413,-0.10642419809449571,0.12957261497710765,0.030795487544921896,348,14,5.488190670734543,0.5627033003803327,-0.884757497308956,1.0328345964544665,1.0890575517967276,-0.46061840670867915
0.4885420043239114,-0.10413173609497971,0.019960724713120815,0.4308283522953331,0.492966844090696,-0.10414155915717149,0.11922364860602674,0.04667524175784544,348,15,5.6775382700291495,0.26267524458937297,-0.6061785613972567,0.9896661441694264,0.9066040132204285,-0.543232452388661
0.4885420043239114,-0.10413173609497971,0.019960724713120815,0.4308283522953331,0.49393871009743695,-0.10486307052432281,0.10679055769115589,0.029536554095387746,348,16,5.919814123172115,-0.03297081156890877,-0.38351617141996924,0.8981460017098558,0.7566416370659863,-0.6004118780748383
0.4885420043239114,-0.10413173609497971,0.019960724713120815,0.4308283522953331,0.4948325823920974,-0.10649875558036605,0.09396790294722482,0.03496998564486991,348,17,6.229608932820716,-0.325698820178259,-0.22547246389654202,0.769335420075161,0.6156442544580714,-0.6615871069012099
0.4885420043239114,-0.10413173609497971,0.019960724713120815,0.4308283522953331,0.4926699589743069,-0.1090307244997673,0.08422476928820322,0.022820396407580372,348,18,6.501896850510398,-0.5897935606256948,-0.16595345328975142,0.6502614594962115,0.5170091402197543,-0.6592716625866506
0.4885420043239114,-0.10413173609497971,0.019960724713120815,0.4308283522953331,0.49368164972318895,-0.11306716024597528,0.07207192834850876,0.015305258368653436,348,19,6.793950489123548,-0.8866178794791869,-0.1428401820103708,0.48732599797855036,0.39000289948222777,-0.6601349854742342
0.4885420043239114,-0.10413173609497971,0.019960724713120815,0.4308283522953331,0.49075033209621033,-0.10969081151414328,0.06096549353744704,0.01084299766619077,348,20,6.77413292927459,-0.8945381758563004,0.039285217406787004,0.41732745870363797,0.2430881896850271,-0.7323591691237636
0.4885420043239114,-0.10413173609497971,0.019960724713120815,0.4308283522953331,0.49026525727834797,-0.10782453286756678,0.04935565070751721,0.008033359984077759,348,21,6.743949252185282,-0.9356911993079456,0.1158044444488888,0.3247708868628284,0.19751945607690738,-0.7591006512864656
0.4885420043239114,-0.10413173609497971,0.019960724713120815,0.4308283522953331,0.4907275525203868,-0.10653882088912164,0.038097665380560225,0.006331489464923512,348,22,6.703631490759287,-0.9377680368977184,0.15933573548937613,0.19312607431686757,0.07099773273083698,-0.7789955604739244
0.4885420043239114,-0.10413173609497971,0.019960724713120815,0.4308283522953331,0.48955550731593245,-0.1050232672966103,0.02899776919030342,0.023732654711891846,348,23,6.592356918167717,-0.9104722680436518,0.17750425157230362,0.0887565438389366,-0.051050130267116384,-0.8421646774981628
0.4885420043239114,-0.10413173609497971,0.019960724713120815,0.4308283522953331,0.48808327760249676,-0.10553152437732526,0.026217295247550843,0.08069930997927496,348,24,6.66075382762597,-0.95944630111182,0.14320088713933626,-0.005251400206995979,-0.006833197361790807,-0.8048195405773358
0.4885420043239114,-0.10413173609497971,0.019960724713120815,0.4308283522953331,0.48826949409824233,-0.10623727330251338,0.025184614418387097,0.2110471061701389,348,25,6.718405487047335,-0.9950751535799652,0.14008809834147867,-0.1488346742705942,-0.07937458939736114,-0.7702710190385915
0.4885420043239114,-0.10413173609497971,0.019960724713120815,0.4308283522953331,0.49170749642289063,-0.10696432268838368,0.021785519770596673,0.36494686477325183,348,26,6.721197630657989,-1.022748425213034,0.08915111979894547,-0.3752262173941423,-0.2479834517133897,-0.837429218221622
0.4885420043239114,-0.10413173609497971,0.019960724713120815,0.4308283522953331,0.49112815442281527,-0.10632918263476031,0.019266189633590308,0.4943004107441189,348,27,6.703611680440843,-1.0109587396291702,0.10385614524602839,-0.4444925067697951,-0.279395523424596,-0.8468696344046212
0.4886417857270414,-0.1038189074673646,0.019745657132147997,0.42914167270648285,0.4897914900307839,-0.10639357376420337,0.01798727948361037,0.5618429122189662,348,28,6.691832349264152,-1.0059622178002283,0.12560505725576904,-0.4200040252376476,-0.24728777031142152,-0.8046532734053007
0.48955770844751295,-0.10365972367833069,0.019789885084900694,0.43535321422615497,0.49075492902019724,-0.1061977219327157,0.01797528437503393,0.5615607685426587,348,29,6.695434640877044,-1.013569849943996,0.0932258724556915,-0.48954025373912624,-0.3370812451898112,-0.8656843200540685
0.48594600171141344,-0.1021429321739007,0.02363889784521079,0.4302262204283811,0.4871772631765617,-0.1047324253788521,0.021700703988303705,0.5619303621260189,348,30,6.686814574872545,-0.9773001064467522,0.17080285636191117,-0.4168958182477061,-0.28616994344321905,-0.7877007878223883
0.4839060242517351,-0.10219407423351498,0.03230455845559522,0.4272303199329011,0.4847919260767827,-0.10427667471325328,0.029995121412617287,0.56192356283661,348,31,6.747989719753277,-0.9833501284900781,0.16183412868766123,-0.45579955272603906,-0.2240486276754297,-0.6858757762549298
0.48089858501762406,-0.10007032725891192,0.04794005361675727,0.43037383835085413,0.4815737777372922,-0.10182052186818479,0.045299117462560906,0.5619163797063147,348,32,6.753252129427741,-0.8841146956314986,0.2294289159742906,-0.4774184871824461,-0.15707673989462428,-0.631987587973585
0.4778042355619297,-0.09829059325485333,0.06590935675320472,0.43678328920239456,0.4782705247347383,-0.09955197274694041,0.06317080472475059,0.5619080512285449,348,33,6.553756401223277,-0.6705874941301904,0.303358131561583,-0.3550940024656584,0.010731258834777612,-0.4479538231551348
0.4770897970230795,-0.09853424614361178,0.08398367144657377,0.44006581161024977,0.47730220965764913,-0.09932426255847761,0.08118542526683681,0.5618354473160965,348,34,6.2963067740591665,-0.3915522095402397,0.22633880637736892,-0.3356933933301373,0.14188079604021578,-0.32967454454971895
0.47486261097676535,-0.09861494179771005,0.10215835439268701,0.43492886408382087,0.4749009515441225,-0.09896115047547499,0.09934145897743282,0.5617510551249281,348,35,6.004697115333434,-0.09106780676192082,0.08770605958296243,-0.23355751352322313,0.31473948524129336,-0.14276437445104279
0.47680262080975644,-0.09749293354455124,0.12016991973842463,0.43898255880918746,0.47660153331757743,-0.0976042222859395,0.11746687582578544,0.561634063944452,348,36,5.566914472843908,0.3627772262978953,-0.14550302628711953,-0.20957628325931582,0.3299704769432431,-0.11027802542007724
0.4774408504332572,-0.09430337855162656,0.13818226794315686,0.4333449869905163,0.4770687138931559,-0.09404594937119302,0.13541857587930362,0.5615851627182954,348,37,5.086169843021058,0.8793215311560635,-0.32839105885960973,-0.12853773498658072,0.33599592278764256,-0.11060432445064063
0.4697001537082134,-0.09438158121903029,0.15641874844129902,0.4275376020886708,0.4693904300288441,-0.09362099242474504,0.1537477318477724,0.5615614204534056,348,38,4.629883888539996,1.3825472511359331,-0.4436978271711329,0.1783286034647673,0.6129757775693666,0.28798597670045284
0.46032431531575024,-0.09614511865603854,0.17499115653234515,0.4374702638850113,0.4598220036537327,-0.09485867449114174,0.17229106279838913,0.561535878242119,348,39,4.3542988077202205,1.8176786255553479,-0.5572716438140464,0.5289472931682851,0.9242424134772206,0.6942715635286439
0.44864290228450365,-0.09234853995526585,0.19357179522396484,0.4483873273741472,0.44802297188749896,-0.09089089901508454,0.1908849618441495,0.5615299125862225,348,40,3.9262268226934274,2.334190334463147,-0.43092186612096245,0.856447197322015,0.9865188857841882,1.022439443108736
0.4357686075856179,-0.08809603895640664,0.21234656492338852,0.4566037922771448,0.4349456403003898,-0.08619988609138549,0.2096160259522891,0.5615334405776667,348,41,3.414830474207048,2.8107690798666787,-0.27463025656084317,0.7834104455072436,0.7329876042517499,1.055728359719973
0.4168798762979874,-0.07864501446049033,0.23105272994543624,0.46937156075454367,0.4159595481787471,-0.07645215105565954,0.2283522626049865,0.5615644594275035,348,42,2.7534936208849734,3.241876336265961,0.08566920820706336,0.15020771030452518,0.037398614747993456,0.7819542636511115
0.4014311122972027,-0.07422905415330026,0.2502778607809874,0.47239872458567,0.40007593976556527,-0.07125103171205903,0.24743296238680954,0.561538468378942,348,43,2.289546551502096,3.3921210976743406,0.33572177518339347,-0.622905005445668,-0.4339080532758308,0.3787270828597815
0.3838214101758003,-0.07036507412790087,0.2693268546071628,0.485439387971863,0.3822304169553677,-0.06690818029951344,0.26644517885803914,0.5615494092238918,348,44,1.8755450608995778,3.3403909753626153,0.5367038658609851,-1.1539648956161608,-0.6712241803968148,0.015853357695967685
0.3671424186733543,-0.06483383703481663,0.28844424062798724,0.5069328212274169,0.3651715152066002,-0.060958967132369465,0.28546091430826703,0.5615565942402431,348,45,1.3958713427920006,3.226858058723017,0.7530999845433074,-1.2509716305311693,-0.7165991798806822,-0.16893638144429074
0.3500794092890374,-0.05769101009002435,0.3075628792463177,0.5156980363690967,0.3478053264031136,-0.053391298774983324,0.30448093280949373,0.561535782011318,348,46,0.9449286139760851,3.087893763030725,0.929332501625018,-0.970430654583702,-0.5762341038158613,-0.2614908298242564
0.3367038193021169,-0.05420393604590138,0.32506250440621504,0.5120058905864948,0.33399398262465874,-0.049145057357674535,0.32190349333734847,0.5614920290159767,348,47,0.594901269653456,2.846962292456377,0.9998514325352228,-0.5466036838040979,-0.41566023373569655,-0.3743164186548456
0.33359029971714765,-0.05453829895343483,0.33600767396990144,0.5235550792401238,0.3304869603611432,-0.049174840756651295,0.3330569652555857,0.5614458750572282,348,48,0.4080473456605792,2.7460404624364143,0.9884768946181207,-0.3789626118071767,-0.2910216835859077,-0.4425173324258786
0.32946853542925797,-0.05580544673204615,0.3419818943975948,0.5425991242950785,0.3263045250955674,-0.050441358175327654,0.3392207766976063,0.5614975731088023,348,49,0.4399133017246789,2.6041656843517766,1.0283471733548006,-0.17596299810171967,-0.2577457576533029,-0.5073918172960489
0.3314790481271945,-0.05995293844884426,0.3261368546994828,0.5558855442826262,0.3286441399699339,-0.055191909128707625,0.32380207951897444,0.5617033423678539,348,50,0.4951869245292589,2.631233151200773,1.1336297189499716,0.03887821671276441,-0.345232378614409,-0.5766665017436825
0.32867162841247705,-0.06272611272551744,0.3057932165062311,0.571291516685443,0.3262084577360328,-0.05851306659108788,0.3032416185408608,0.5617898368935725,348,51,0.6877536344267945,2.5864702093788536,1.278916308186271,0.34042302557151805,-0.44754629145056724,-0.6618470251737422
0.3292495469704514,-0.0639022485245299,0.2852946554425949,0.5961058983764707,0.3269397697399221,-0.060294016170764665,0.28248662002525665,0.5619252872770296,348,52,0.8503450766299494,2.6519166720354836,1.345147741622542,0.5442367211845243,-0.6252348167702878,-0.6767660372200703
0.3306359917261823,-0.06266806795285311,0.26461679381557335,0.6271128089486686,0.3285811972748098,-0.059727174050785814,0.2616153841307893,0.5619700364481893,348,53,0.9377877322153003,2.7335564062856545,1.5262359903493237,0.6102068605987245,-0.726604270014696,-0.6301593707147665
0.3278102438727753,-0.0623081057711539,0.24366596737877647,0.6443695738534799,0.3260564270012283,-0.05969833680295278,0.24045947706149118,0.5620543853439163,348,54,0.9944593564866819,2.672667925589903,1.7021880716669469,0.9931885210839128,-0.7755333556182064,-0.6561263242312091
0.3257076328647074,-0.0639099468671565,0.22287938805652643,0.6577312456741055,0.3242140288165113,-0.061673892414242495,0.21948877350899265,0.5621308563343733,348,55,1.2081182195255677,2.569670784599431,1.9386811350906523,1.519524045822658,-0.8689196900567538,-0.7323442611087441
0.32375887027932865,-0.06225743931489971,0.20206792001400165,0.6736179256492376,0.3226256325746684,-0.0606458011005644,0.19852833217252813,0.5621060707926951,348,56,1.241355005515128,2.4501274398479906,2.295259000094988,1.8935026066527783,-0.8723908401233154,-0.7565225796303254
0.3241490102335142,-0.06277732958208829,0.1815009324924554,0.6809708385270757,0.32338447691561395,-0.06163812224571766,0.17808622725474535,0.5620535111230102,348,57,1.4266322713286272,2.2359811628722253,2.69642457354273,2.2603258003290674,-0.89489111718543,-0.766770952063919
0.32514306001938476,-0.0636608647003795,0.16100290339612844,0.6867744818404916,0.32469261787120934,-0.06292329945669228,0.15768639402708423,0.5620111454050591,348,58,1.5665026573959182,1.9864866000355312,3.148829002473314,2.5168549646672074,-0.9388989213067299,-0.7597538639026867
0.3266064860173245,-0.05861058169880759,0.140504241474915,0.6953393399697773,0.32648680848878675,-0.05844224382216307,0.13731020747476935,0.5620525074427176,348,59,1.4940904802715471,1.8098316041898648,3.744873603588829,2.4798471860096596,-0.6988298415706008,-0.6077568874898441
0.3261593897490937,-0.06346393637918576,0.12016679528048711,0.6888179040657093,0.32649616490586775,-0.06350409161234977,0.11708998928129946,0.5617056569922637,348,60,1.8887707492042058,1.2279755652221898,4.34927375490393,3.0494675242523868,-0.9048305815881726,-0.7467363406986756
0.3243226020868008,-0.06183844998455517,0.09970742701166505,0.7094255497961579,0.3251100877766509,-0.06255311207657589,0.09659030361922089,0.5618487429619649,348,61,1.9611703531450615,0.7279291578264204,5.077389047859136,3.3965711716528837,-0.7527686984802016,-0.8078045279251932
0.3246683747116264,-0.05899975534646679,0.08241577021125474,0.7276539338530813,0.32571024640529445,-0.06007916307201957,0.07916554239368406,0.5618923310465046,348,62,1.9945445722544086,0.3302733165421296,5.687657969591898,3.513107006158133,-0.5850811670285071,-0.845287724360683
0.3243749321589116,-0.05783489041559466,0.06363347763958532,0.7281064581112837,0.32584834924274514,-0.05929763388288923,0.06043235442452613,0.5618755680218168,348,63,2.013698313507689,-0.1907450636533864,6.187450779268779,3.8568254875075048,-0.4212830330709394,-0.9044024683800621
0.32279731123493494,-0.055551086708846904,0.04726191899964778,0.7282687245172089,0.3246379137404837,-0.057436478116862325,0.04397406350540062,0.5618624720762962,348,64,2.0054981869825355,-0.5457508757434089,6.415116666330932,4.158911590911516,-0.23730383510819236,-1.008751407255985
0.319896304051298,-0.05118039083123384,0.03687902265743704,0.7284315028295553,0.32175833463557524,-0.053185842947781746,0.033243222294663505,0.5619871188065699,348,65,1.7944076079134978,-0.6131285254215806,6.519689606573229,4.2798823357720766,-0.04101440397870691,-1.0589658648847315
0.31438603184560165,-0.052635160975153965,0.030577954045330577,0.7227986483877952,0.31631926892032786,-0.05456347203792555,0.026710543817102278,0.5620209397838156,348,66,1.893114841703993,-0.8987702331535014,6.468320512977081,4.747715483221177,-0.1182042091931679,-1.312001590954871
0.3155441785233731,-0.052278978119709184,0.027188693791843733,0.7209125031258475,0.31724256925323,-0.05421483299219779,0.02317149784744371,0.5619038428359144,348,67,1.916490734042716,-0.9077036734872327,6.434549521875941,4.719416376138763,-0.13672047424211656,-1.1439173458090375
0.31587970998651954,-0.05270687849545103,0.02519027447511712,0.7189251312990761,0.3175628393830105,-0.05464085689046226,0.021031823785718662,0.5574411481648232,348,68,1.986469629740719,-0.9558016732100484,6.429711344886351,4.723051313285184,-0.1746262211404415,-1.0781855486732295
0.3122046915173717,-0.05086336895622781,0.024009366809543478,0.7207588385904861,0.3140478166897047,-0.05292306531658815,0.019796662969217005,0.5578541064832735,348,69,1.8942481179768291,-0.9967868410779896,6.422649425665741,4.844869986209597,-0.14711527396119112,-1.2383397536243301
0.3079029077286796,-0.04716504284490543,0.024552912364989563,0.7257738492670832,0.30959026443032744,-0.04916412804953099,0.020008106480980392,0.5459021923460441,348,70,1.708836253638082,-0.934950738321666,6.482156940725473,4.792827694800087,-0.004879399981565339,-1.543037642576442
0.30682388977695585,-0.04586527592137084,0.01909161715085181,0.7314033765773842,0.3098382041231252,-0.050444200759816586,0.020257548058687957,0.4078808443575747,348,71,1.7457561755647817,-0.9748904486856707,6.430842437998508,4.839461117876184,-0.030067074140346296,-1.643204340548767
0.3069290259420676,-0.04590843508468655,0.019898915635796793,0.7314081341143172,0.3127973224654685,-0.05154187339508515,0.01981769694428298,0.2540579732749403,348,72,1.7984408539541954,-0.9881149417224421,6.432820497619725,4.920831640970241,-0.046743400128579804,-1.6296662119906007
0.30693464911463453,-0.0459104626485772,0.019956489401771145,0.7314081130622752,0.30945890438778,-0.05032343656428901,0.01922458101641586,0.15592522140076917,348,73,1.7448512260604492,-0.9892038660854456,6.422174334309552,5.129261950221108,0.021727866618571384,-1.8750757700673475
0.3069350187644914,-0.04591059565950174,0.019960431445081597,0.7314081129700881,0.30796998216499233,-0.048260606247895764,0.020452373693614773,0.09624990479631794,348,74,1.6438226575272936,-0.9117483360501288,6.4713522697785875,5.240662240075842,0.09838867121852386,-1.9497563594288423
0.306935043741006,-0.045910604646633824,0.01996070439243651,0.7314081129696676,0.3035109803019349,-0.04901812150533484,0.02538295378651778,0.05996971440104801,348,75,1.8276610302806893,-0.939327775053787,6.452969290660106,5.647064184957063,0.04955688616358954,-2.1253796351829113
0.3069350454312215,-0.045910605254812706,0.01996072330502599,0.7314081129696653,0.29803943091979496,-0.046279372158850765,0.035980624102997044,0.03791952197437819,348,76,1.8112983685478057,-0.7251764354658479,6.424211630550917,5.946715830390423,0.19540171256094357,-2.3387828005436226
0.3069350455456138,-0.04591060529597369,0.019960724615548434,0.7314081129696653,0.29625210960382165,-0.045684892573663115,0.052959789116661354,0.044388450936420215,348,77,1.796527484692394,-0.34655638142559775,6.217921153776775,6.2388655161977695,0.29168061965056136,-2.402039889966439
0.30693504555335577,-0.04591060529875945,0.019960724706359637,0.7314081129696653,0.2975604850081585,-0.04263754076318244,0.07066462942977819,0.02854364904213345,348,78,1.6390990659040354,0.281544707126673,5.772473451066202,6.319953373518212,0.49137377748562816,-2.5509169261647067
0.3069350455538798,-0.04591060529894797,0.019960724712652294,0.7314081129696653,0.30012761263484017,-0.04199645699125256,0.08738889304712977,0.02770888857355063,348,79,1.4378207323355114,0.8851727932052703,5.235242398566318,6.506555402201828,0.5801539689169805,-2.5595577554047466
0.3069350455539152,-0.04591060529896074,0.019960724713088338,0.7314081129696653,0.30265064943951187,-0.04397273107136133,0.10545485121228063,0.018337652893076154,348,80,1.4154457692337772,1.3509302891586348,4.587912725435812,6.619126333290338,0.6867359574105549,-2.5614240388208125
0.30693504555391754,-0.0459106052989616,0.019960724713118556,0.7314081129696653,0.30671294954009404,-0.04449624223435048,0.12403718363902702,0.012577058851754794,348,81,1.2565658181961783,1.914484758758506,3.9123899861055556,6.6833968822434455,0.748601982467855,-2.650726461581302
0.30693504555391754,-0.04591060529896164,0.019960724713120652,0.7314081129696653,0.30499386432364733,-0.03883274248655763,0.1423411102736569,0.009070969058956636,348,82,0.8962127043305355,2.500187728737713,3.276480192436354,6.6755952071745135,0.8627961543881381,-2.7380262294843116
0.30693504555391754,-0.04591060529896164,0.01996072471312079,0.7314081129696653,0.30304554354856855,-0.02892156469845826,0.16026354383652835,0.01174657946533802,348,83,0.3453009499751172,3.045313705348547,2.783268444469494,6.579327033837581,0.9834169082393788,-2.8193438590443574
0.30693504555391754,-0.04591060529896164,0.01996072471312079,0.7314081129696653,0.3100957130923153,-0.015218713783839441,0.17327088172268595,0.03782276525025989,348,84,-0.43184252880829416,3.663917900243254,2.5518445098881157,6.414725081396222,1.0514419996572604,-2.9477888527331975
0.30693504555391754,-0.04591060529896164,0.01996072471312079,0.7314081129696653,0.31211911432042133,0.004952632541166584,0.18579671830944877,0.02426990102691516,348,85,-1.401820985502274,4.09031216146845,2.228141373615051,6.247680691867161,1.0378720849549679,-3.0383978557357985
0.30693504555391754,-0.04591060529896164,0.01996072471312079,0.7314081129696653,0.3138133723699236,0.022801092559487476,0.19930719567904356,0.01618654632416213,348,86,-2.260744667233906,4.223976252269496,1.9053646630275904,6.1252982057465095,1.007860743403914,-3.04225637119563
0.30693504555391754,-0.04591060529896164,0.01996072471312079,0.7314081129696653,0.3186349116969498,0.041754536096621206,0.2099425974574653,0.019865574825491707,348,87,-3.121255957310168,4.062470376474013,1.6487948676707893,6.06178529206135,0.9539391303970939,-3.005210820114772
0.30693504555391754,-0.04591060529896164,0.01996072471312079,0.7314081129696653,0.32295759429705495,0.06291873933661994,0.2208845217539082,0.046956839985734876,348,88,-3.9703669711956056,3.700988961228995,1.2199072961338533,6.033484717415696,0.8895986931169321,-2.899308082827192
0.30693504555391754,-0.04591060529896164,0.01996072471312079,0.7314081129696653,0.3216524081709336,0.08462238292299952,0.23360906062030834,0.029992893352770084,348,89,-4.659286528422435,3.1584732665305233,0.6422189492454641,5.988138335100034,0.849540124250087,-2.749303658731189
0.30693504555391754,-0.04591060529896164,0.01996072471312079,0.7314081129696653,0.3257713679686129,0.10564006097825364,0.24680214696619024,0.019664724968789748,348,90,-5.2752829240652686,2.555193142416627,0.0631239059438641,5.943221812059033,0.7486561168179054,-2.6361750101865606
0.30693504555391754,-0.04591060529896164,0.01996072471312079,0.7314081129696653,0.32513410764955336,0.09086041869289785,0.2420214000144539,0.013313351813316108,348,91,-4.853502532185861,2.968693101699828,0.4414397673405979,5.936526620968087,0.8442993171403375,-2.733806562043827
0.30693504555391754,-0.04591060529896164,0.01996072471312079,0.7314081129696653,0.3255720837259566,0.0715227547332577,0.23062099861085858,0.009522875846708816,348,92,-4.318316844489973,3.4809857255912746,0.9334392100227545,5.988188861302192,0.8860270018054155,-2.846439363063501
0.30693504555391754,-0.04591060529896164,0.01996072471312079,0.7314081129696653,0.32497789107506597,0.05690466359437746,0.21989152832955441,0.0383990058135491,348,93,-3.7737106680371024,3.7622571608094866,1.36054218942212,5.994151885998277,0.9479803974517487,-2.949800389460167
0.30693504555391754,-0.04591060529896164,0.01996072471312079,0.7314081129696653,0.31817359692595476,0.041795714759686624,0.212497421610538,0.06576916879630705,348,94,-3.1657763633014717,3.9733513414977115,1.6110864052524987,5.997861756806755,1.0124840312398609,-3.0364939891801948
0.30693504555391754,-0.04591060529896164,0.01996072471312079,0.7314081129696653,0.3151993086110095,0.02807368470674602,0.20369224482367423,0.063522390651325,348,95,-2.5885148574179024,4.033119214370582,1.9101733362132767,6.050721146076281,1.0420611125410775,-3.0549010449551677
0.30693504555391754,-0.04591060529896164,0.01996072471312079,0.7314081129696653,0.31745559594499856,0.01400926601753853,0.19309449279081495,0.04019889804240431,348,96,-1.962919112937962,4.107478305161059,2.0979218921214637,6.152879992692368,1.038172779647427,-3.0571911568079093
0.30693504555391754,-0.04591060529896164,0.01996072471312079,0.7314081129696653,0.3153676014599482,-0.0028849516626720225,0.18298683208583064,0.05961934290928041,348,97,-1.1877263377166298,3.9006052338317283,2.343788807793429,6.20937195678335,1.09448246738559,-3.031112994873869
0.30693504555391754,-0.04591060529896164,0.01996072471312079,0.7314081129696653,0.31488484269516737,-0.019805277700504335,0.1735001997534023,0.05553279596355316,348,98,-0.4331789509947968,3.547739584774708,2.583497451890655,6.382045654994893,1.0729419308066805,-2.926687910300361
0.30693504555391754,-0.04591060529896164,0.01996072471312079,0.7314081129696653,0.31420969840676527,-0.03042909105453692,0.16614050560817975,0.035328373674386494,348,99,0.05452740776073366,3.2218043377577508,2.7764948682066546,6.524019127243245,1.0171584992790836,-2.8737305034305507
0.30693504555391754,-0.04591060529896164,0.01996072471312079,0.7314081129696653,0.3128306870619342,-0.036432151928113575,0.1552386710449813,0.04309339241250687,348,100,0.3809517864811223,2.884168955468519,3.005855032882672,6.576910831616159,0.9947021318926809,-2.841665953464109
0.30693504555391754,-0.04591060529896164,0.01996072471312079,0.7314081129696653,0.3104036889757717,-0.04099509780457792,0.1453107157872314,0.027776056186057673,348,101,0.6478076756084312,2.5104452939599464,3.3179986474336007,6.616868480344715,0.9250300767625428,-2.8081566596051415
0.30693504555391754,-0.04591060529896164,0.01996072471312079,0.7314081129696653,0.30814734625659185,-0.0421846202710585,0.13607878949367327,0.02673109650076007,348,102,0.7505310878947722,2.2875406357410086,3.582992610373726,6.614909623555314,0.8918965605784065,-2.7984105483656743
0.30693504555391754,-0.04591060529896164,0.01996072471312079,0.7314081129696653,0.31087148666706144,-0.04843136380760343,0.12570053237982468,0.017742320951524934,348,103,1.038315872370766,1.9086128906835698,3.961176124209118,6.653782981338285,0.8225689461560334,-2.728345434354361
0.30693504555391754,-0.04591060529896164,0.01996072471312079,0.7314081129696653,0.3102654310291023,-0.04929393135943847,0.11586006283460057,0.025500850008086454,348,104,1.185865799555833,1.6226449533644987,4.249499885177523,6.627713393736423,0.7835371920537519,-2.705713824346462
0.30693504555391754,-0.04591060529896164,0.01996072471312079,0.7314081129696653,0.31019349496650067,-0.048307158695835496,0.10651406605286279,0.01703417506245867,348,105,1.210668912992515,1.4119383495198679,4.603351034446186,6.517784194340242,0.7628419554010956,-2.697070683673057
0.30693504555391754,-0.04591060529896164,0.01996072471312079,0.7314081129696653,0.31153843941887405,-0.050800721894941114,0.09452747789213323,0.030306808573153248,348,106,1.427395409449648,0.9483153511731478,5.067022319382255,6.542674318872772,0.6407972889138708,-2.661214585766151
0.30693504555391754,-0.04591060529896164,0.01996072471312079,0.7314081129696653,0.310194253539058,-0.04973887527727051,0.08066079332392881,0.019985770288575497,348,107,1.3749420559305778,0.5155511247518285,5.57282529192476,6.376484867608272,0.5596859922708698,-2.72230444016057
0.30693504555391754,-0.04591060529896164,0.01996072471312079,0.7314081129696653,0.31082711664406054,-0.04499316154844914,0.07032163904552058,0.026720963512909625,348,108,1.2583687255928588,0.40948089008532795,5.887165563171397,6.107113419558662,0.6058033784236424,-2.7108087329198014
0.30693504555391754,-0.04591060529896164,0.01996072471312079,0.7314081129696653,0.3121129224308697,-0.04873894287248964,0.05895794993598211,0.07836276139191038,348,109,1.4820944461994652,-0.01436952698652838,6.17538258756695,5.996804086705452,0.48103438839670914,-2.610958427243078
0.30693504555391754,-0.04591060529896164,0.01996072471312079,0.7314081129696653,0.31140364550527866,-0.05020691793437647,0.04802314896957183,0.10505311420134718,348,110,1.5640668474191237,-0.3505723832426344,6.362219452022704,5.968067423519694,0.35362974446468404,-2.4895782499411974
0.30693504555391754,-0.04591060529896164,0.01996072471312079,0.7314081129696653,0.3153369326081201,-0.05140729484053571,0.037323300485230526,0.07595474134134843,348,111,1.6464835662900357,-0.5814978968945218,6.490113672748019,5.696273594717397,0.2601005744416229,-2.2541026169687925
0.30693504555391754,-0.04591060529896164,0.01996072471312079,0.7314081129696653,0.31150087924930886,-0.04863014006000712,0.029726590693720134,0.06478949365501258,348,112,1.539180358463738,-0.6799613465695048,6.501411327568388,5.439468434497094,0.2512766592009875,-2.3158349597868644
0.30693504555391754,-0.04591060529896164,0.01996072471312079,0.7314081129696653,0.30492915592672504,-0.04551683058726902,0.02475556488103417,0.1622848122550522,348,113,1.3717799366166956,-0.7841311783624119,6.502993624936754,5.375320055260808,0.21833778620621797,-2.4576491982019046
0.30693504555391754,-0.04591060529896164,0.01996072471312079,0.7314081129696653,0.30382758235615437,-0.04380792644066893,0.022073287398591185,0.2838447749974147,348,114,1.2955783719681289,-0.8127750215049395,6.541192907402264,5.103163176021123,0.2250242290363405,-2.348669379594676
0.30693504555391754,-0.04591060529896164,0.01996072471312079,0.7314081129696653,0.30476779507719126,-0.045546420014453116,0.02059124805985768,0.4001568130904569,348,115,1.40760042966059,-0.8922552944104741,6.503626661706664,4.889101734876222,0.14605754722390116,-2.1758032971924552
0.3063601106641048,-0.04720977589895157,0.020339249256879473,0.7279941288158884,0.3066383141795956,-0.047553657235776786,0.020416175820810095,0.5584348690081762,348,116,1.6056993289981631,-0.9121680186304197,6.457543506479721,4.767002917130529,0.05339719670098093,-1.820921784819593
0.3058601829377981,-0.04447325114692105,0.020767826040599777,0.7288598988722749,0.30630700315593423,-0.0450246038777939,0.020927921783417514,0.5618172978471455,348,117,1.47732127050253,-0.8408116189216679,6.519719205366687,4.602736860232168,0.12107002356163848,-1.8914612828237964
0.30338739332698383,-0.04256755670165023,0.020839817607064253,0.7309393430910588,0.3038896047947417,-0.04309145689096158,0.02103233425749107,0.5618659331826609,348,118,1.319179157602848,-0.8202149633073045,6.566983467115308,4.635657453037356,0.15146919961811076,-2.079574912329074
0.30509328034614464,-0.04153935427340854,0.02272886896256315,0.7374122230867055,0.30524834612412227,-0.04179002708824787,0.02276064053483992,0.5618940518639419,348,119,1.2574764022909513,-0.7541833412594817,6.564052607482446,4.363416962716801,0.1934917760752586,-1.971149694494435
0.29983885819423267,-0.04148312776696364,0.02777782159251098,0.7245483069522479,0.29989183122054713,-0.04142801198619289,0.027734399534303705,0.5619067772708323,348,120,1.3744060029982479,-0.7230321267736946,6.5451260286750435,4.507854267790322,0.07343880082172773,-2.0285155214770256
0.29900242189461523,-0.04093508033509273,0.03604186130096068,0.7264383818004887,0.29872566966181513,-0.04066517701686885,0.035938640186500864,0.5619309209597902,348,121,1.4843737610562224,-0.4952589439372454,6.497227164351569,4.3116798427113885,0.02082771774782545,-1.889877442757047
0.29688591582510887,-0.03946195667162242,0.04909392596419044,0.724845210575909,0.29628558301901836,-0.03883806917374259,0.04896234471471397,0.5619259844050573,348,122,1.3978566215772328,-0.19912363391511914,6.383194294927423,4.0640572771445,-0.06776544769915134,-1.7332139392554584
0.30194653773932595,-0.03827118800461418,0.060619253310175446,0.7318962814794056,0.30101744807440867,-0.037461070669871234,0.060621652805334963,0.5619195458428483,348,123,1.2406151283682556,0.2486899521815648,6.219761156255257,3.5006798050183905,-0.017192089973637942,-1.571229676885149
0.30446949097501214,-0.03972220011545653,0.07200960221045018,0.7296231632526227,0.3033664599813719,-0.03856517004894292,0.07198708816793306,0.5619288568370332,348,124,1.2536634654818601,0.48962656332559273,5.990071209099373,3.2961990002809434,-0.05355297996888326,-1.3718568469758887
0.30178137046496706,-0.04096376646311707,0.08700824873547776,0.7308928512257934,0.30022133732080936,-0.03918710157615217,0.08686221923779816,0.5619255306489793,348,125,1.2836852643704133,0.8880169331094375,5.441845115897013,3.331474462286668,-0.22370545825647242,-1.3091557575056603
0.2974895928739168,-0.03767789585884529,0.10372744228936079,0.7389450480996353,0.29555114421869033,-0.035598484281841154,0.10352963246907884,0.5619236868035268,348,126,0.987398957251792,1.3448323975180858,4.8475682612161615,3.0201166218991977,-0.22699078305956888,-1.4670415567734698
0.29735663439724597,-0.03833085215127384,0.11780606125862987,0.7387400068364114,0.2949293021386243,-0.03569454260757298,0.11773212245277409,0.5619135554342304,348,127,0.8445354182272251,1.692199501422484,4.41446188468388,2.830748352877759,-0.2811036630256047,-1.5446078047717502
0.3020481128864694,-0.039499148069421126,0.13608825807311192,0.7437852567857529,0.2990963188307994,-0.036457394220369546,0.1361261205345483,0.5618442112752049,348,128,0.7823707101768616,2.060280857539465,3.822669275711197,2.4713773342321095,-0.31771538777014974,-1.2490979183756465
0.310308507139343,-0.04063464063272115,0.1548698186071715,0.7610016641003446,0.306906480252925,-0.03731168463243974,0.15509175352351645,0.5618197549360041,348,129,0.7376433965687106,2.42223696235136,3.33297894614998,1.7859598273656847,-0.327348259480333,-0.8465850179196013
0.3177518976816428,-0.044268522901788274,0.17366790752380676,0.7544208151818954,0.31408138921947354,-0.04052226513197484,0.17406732286832666,0.5617855403060703,348,130,0.8016151768906927,2.663965826599967,2.848378753288722,1.263898834179516,-0.43727139921103375,-0.48743328907356975
0.32589162033183866,-0.04667148496116721,0.19251805899424093,0.7493766907939071,0.32194092051872625,-0.042645880268914874,0.1931054467160764,0.5617870124710579,348,131,0.8246241062899617,2.918096524100771,2.371980531863688,0.5603334904986359,-0.5353078398350435,-0.21711225460374628
0.337237635839154,-0.05030952691717587,0.2115555511395813,0.7509283757149627,0.332891450415796,-0.045926918953799266,0.21227587478835966,0.5617579580304691,348,132,0.9228819996536406,3.1222894319521393,1.9574147531743618,-0.34047757799960465,-0.6850044381502135,-0.09979345050391351
0.35051772626302546,-0.05403674195187455,0.23066698264467514,0.7497537584085053,0.3458573799352029,-0.049364022296285934,0.2315434029402058,0.5617279161481132,348,133,1.0533328031243052,3.289403808353668,1.576290133921482,-1.229364831853403,-0.7575156838205905,-0.07490927322766985
0.3570730238641218,-0.05985591507797366,0.24935576774492074,0.7461061297143635,0.35236890303703067,-0.054843298362864695,0.25047616978398235,0.5616775082408602,348,134,1.1901967648899459,3.277366504844948,1.2516145030559325,-1.458233114829642,-0.8305281450279107,-0.16890051830178832
0.3593707217383208,-0.06196136251764002,0.26786950322447406,0.7433090794073479,0.35457382357536127,-0.056811867076033404,0.2692325848799533,0.5616639055923544,348,135,1.2152663141370823,3.2565769026647464,1.0351065758654143,-1.4696633037654254,-0.760838682725558,-0.1767134945971458
0.3579932942429586,-0.061118143636104176,0.2837140732667142,0.7411604618693541,0.3531116427456832,-0.055821715456992646,0.2852362911586461,0.5616578709338977,348,136,1.075745363158478,3.2221079731356936,0.9789653232182532,-1.4063553260498642,-0.6434818220166449,-0.17770793819817232
0.35685533853650747,-0.06377193681690356,0.28394371681027547,0.7319978309776008,0.3523056945088549,-0.05859202785326712,0.2860605683890053,0.5616955769359104,348,137,1.1063634945431249,3.124084730695901,1.0097151706696086,-1.2519418078374356,-0.6683953309883632,-0.2322029078956484
0.35579123385373396,-0.0654187048769945,0.2747042271945311,0.7302973701275222,0.3514487395851408,-0.06047059795484712,0.2769381008057076,0.5617653629022593,348,138,1.0817725265048064,3.093793679780143,1.1312917045748858,-1.076507729146636,-0.7343438524177821,-0.2715081711108378
0.35437195942945277,-0.06991199304099358,0.25959323801153134,0.7245897420393255,0.35041671211830555,-0.06523122984094085,0.26183833822575475,0.5618330696751872,348,139,1.365065710920162,2.970393079487896,1.2654822274948694,-0.8242518994099081,-0.888326657002212,-0.3689750788827258
0.3522650212248771,-0.07055017826433221,0.2400056802546997,0.7253460010732294,0.3487836739581098,-0.06648826668887806,0.2422627692381236,0.5619192624474518,348,140,1.459405416648393,2.8985382165405786,1.4533481904303422,-0.569857205835672,-1.0083883559116527,-0.41998120362759134
0.34673253915757424,-0.0693831598786178,0.21911838658669663,0.7214895739400503,0.3436461998248674,-0.06568145885436336,0.22120307072303885,0.561960354731678,348,141,1.4511993912044865,2.7929417483200916,1.7307631704982036,-0.02002420852411986,-1.0700470033784106,-0.45410776261675645
0.3418178203894668,-0.06748270618400055,0.1982373144452097,0.7161086244082715,0.33911953998851296,-0.06421539711764708,0.20015230846193224,0.5619659767142962,348,142,1.4982463231267011,2.6409868469557,2.1164221929451883,0.6325853106004453,-1.062070462165508,-0.4805895000943965
0.33402923246021143,-0.06217899337529274,0.17721110985320415,0.7156727995477031,0.33170471416090064,-0.05934329093084053,0.17895216178561418,0.5619412023704152,348,143,1.3689224715919426,2.4628825690157035,2.653426006199375,1.3689812111402213,-0.8604271050456204,-0.4767549403483211
0.32784013587810157,-0.060568389078741305,0.15641449045043568,0.7145421093253019,0.32577322501580624,-0.05794905395040897,0.15799320889727675,0.5618861525548239,348,144,1.400004904082965,2.1538777831640425,3.1575674089648635,2.1073212062056323,-0.7753250506372653,-0.6217525301144771
0.3273295973596947,-0.06045001292076875,0.13603907138315602,0.7202273532428293,0.3255373739500396,-0.05828567462033433,0.13767129178467874,0.5618407466529604,348,145,1.4896734807864043,1.7988636168021337,3.7531121400204133,2.4583439087524166,-0.724679248590774,-0.6873555719647831
0.3233425695125334,-0.05876178793709862,0.12166641718683859,0.7103377246030536,0.3217578233035457,-0.056771488371861384,0.12299343213379865,0.5618063764690497,348,146,1.5241108644683274,1.4902957369219894,4.231698891304403,2.8624531545254186,-0.6553938504955957,-0.7772218644302913
0.32281286395754777,-0.059907094737209614,0.10834662094178928,0.715826633092804,0.32139299055137616,-0.05813787841230568,0.10967806781949097,0.5618008254880832,348,147,1.690305674540144,1.1573479001558709,4.642153285254417,3.1957675190189785,-0.6639561947296917,-0.834832843262398
0.32349633349759016,-0.0630354151952621,0.09272062816591854,0.7114747396311724,0.3225112535200035,-0.06171261347900179,0.09428208904019733,0.5617632427641637,348,148,2.0073760335106186,0.6685935234985803,5.109877690299192,3.4872277408492622,-0.7662014932956821,-0.8493683376545785
0.32211065596028726,-0.06171697928045235,0.0802799632211893,0.716227412000012,0.3214177990738643,-0.060833211031347194,0.0817247055248875,0.561768318921301,348,149,2.06424833561321,0.28657217007672064,5.56863836820583,3.6577894438823395,-0.7328240716879671,-0.9636631863682021
0.32019964038063153,-0.05800575339484123,0.06894656063643055,0.7188942351904867,0.31972563068120247,-0.05742679429830941,0.07041439511713085,0.5617587210998802,348,150,1.9852650249006771,0.06395485651168947,5.879456861098899,3.975205880592781,-0.5053148539447352,-1.015305484616438
0.3201199359336558,-0.05663063440115065,0.05750414844638719,0.7191807105547742,0.3198661802749673,-0.05627914066378622,0.05901419930756999,0.5617568405687556,348,151,1.938286683956097,-0.22601759081146802,6.206955051692481,4.109839617337971,-0.36007208134809454,-1.0768997656223092
0.319645840675754,-0.05776786079337986,0.044847823553862486,0.7156770519828413,0.3197005588724789,-0.05767650293098336,0.04647860306791282,0.5617584922477108,348,152,2.0914010558318084,-0.5631839541370003,6.2932023922559805,4.362742610493948,-0.3712769644891219,-1.1539066103384836
0.31921632512147696,-0.054036732293327686,0.03401546457406784,0.7288244236579627,0.3194907390699596,-0.05434868812603892,0.035621836867165,0.5617766453739544,348,153,1.8263544448564764,-0.6927107111584246,6.46541446234775,4.414774540001132,-0.13427210773320908,-1.257145468680318
0.31620712598611755,-0.055342957238883196,0.02700445629510161,0.7174161352286726,0.31661842381356065,-0.05563090236158224,0.028403232062964884,0.5617088965622543,348,154,1.934922502409121,-0.8920439577795338,6.453964704526293,4.7570592407594585,-0.15505868373369583,-1.3084006655780658
0.31611287425618845,-0.05411938987949723,0.02288112501409059,0.7236679704115875,0.3164752627309916,-0.0545108211013214,0.024138248916461602,0.5617056980838442,348,155,1.9193109659133676,-0.9274345766988263,6.432790356817626,4.815140475885344,-0.1620617616671211,-1.2377485172489318
0.31330213727188033,-0.05334807076780113,0.021228081016448647,0.7207727507866076,0.3136117298752771,-0.053608938425663284,0.022294780901995465,0.5617688945641814,348,156,1.9179536984065726,-0.983748209651503,6.427203466484751,4.8924385614469434,-0.15746237192760998,-1.2717907951537104
0.3099493944093295,-0.051101148362571895,0.019414008160664645,0.7189308781092264,0.3103346739399145,-0.05143713628498956,0.022762602701822926,0.5325442459980693,348,157,1.8224324472539593,-0.9811334010566468,6.47237936196187,4.9268924243029515,-0.12411801714011053,-1.4215057737407353
0.3098663901168684,-0.051176038057725436,0.01990114802588436,0.7189850361435146,0.30632982633072464,-0.04835931373953143,0.024026307431222332,0.5123256812496404,348,158,1.7069342081235117,-0.8853196681359301,6.483625939622291,4.901122287444533,-0.0420558069412513,-1.7115522967775099
0.30978634174463693,-0.05129263604701138,0.01998006805063489,0.7171660199763582,0.30804219155626816,-0.05017150535215019,0.022967523053838867,0.5287906740475267,348,159,1.7300500262955794,-0.9496678457363598,6.451951040006317,4.98737497550702,-0.07195213275063718,-1.6802732062968417
0.30975614970972254,-0.0513228053730193,0.01995876212832069,0.7166012566438067,0.30833515491020813,-0.05113116064715925,0.022998431512638362,0.45517403280829744,348,160,1.8065230569343225,-0.9990699392503065,6.443689475099522,5.0991898483034115,-0.09612862663648411,-1.6699978959683213
0.3097552433416599,-0.05132162119185745,0.0199605874023369,0.7166012452231548,0.31105418294007675,-0.05199011919290013,0.022049631502779665,0.378982871780007,348,161,1.802632123393782,-0.9914811090176906,6.442872565126754,4.988310005837543,-0.08642071303947813,-1.58450781369401
0.3097551818833126,-0.05132154029781621,0.01996071519814456,0.7166012452239011,0.31139776807968794,-0.052440518537614014,0.020680826265571578,0.272179546300273,348,162,1.810671899910022,-1.005005377526634,6.421608877558427,5.122182861648163,-0.08375278600113628,-1.6330529781903569
0.30975517772394545,-0.05132153482280062,0.01996072405379267,0.7166012452239054,0.31052681381793856,-0.053200279436077524,0.0199156696954291,0.1942062703644154,348,163,1.8757074350295977,-1.0551868797117223,6.4056353402859,5.289877246376611,-0.11631310900292234,-1.6635714139986186
0.30975517744244224,-0.05132153445225503,0.019960724667433438,0.7166012452239052,0.30835178947679726,-0.05051708856999091,0.022773849472633556,0.11931801786857998,348,164,1.835191901179226,-0.9931876322760479,6.468786073456312,5.454590771047641,-0.016188967878259936,-1.7579267334635915
0.3097551774233902,-0.05132153442717667,0.019960724709954993,0.7166012452239052,0.3052106899911565,-0.047092537029614086,0.0318519006241664,0.0740024294350723,348,165,1.8424075489730458,-0.7191999430957227,6.511350150281906,5.805638974378272,0.08217416152026935,-1.8907962141128745
0.3097551774221007,-0.051321534425479376,0.019960724712901473,0.7166012452239052,0.3060071534143251,-0.04584690773658443,0.04367390956796133,0.046435834872612075,348,166,1.8270103489205094,-0.4281977750382001,6.438253006860744,6.009657152773748,0.18774211105048855,-1.9667479659018732
0.3097551774220134,-0.051321534425364496,0.01996072471310565,0.7166012452239052,0.3063411739070011,-0.04533555549505526,0.05621705666575669,0.029666254415793368,348,167,1.7394882995569276,-0.09072235358762039,6.2470785372222215,6.1824592714628075,0.2751050070415137,-2.0882385680821804
0.30975517742200753,-0.05132153442535671,0.01996072471311979,0.7166012452239052,0.30841603112988736,-0.04394187926386607,0.06844216069033462,0.019466803352219432,348,168,1.6648588687485228,0.34030393679957743,5.927035777374023,6.236777468410291,0.37978807108071216,-2.180259422161625
0.30975517742200726,-0.05132153442535618,0.01996072471312078,0.7166012452239052,0.3101815867195286,-0.046767861328679015,0.07932596940510334,0.06614836306092678,348,169,1.6534254668258996,0.5663311638442383,5.620426583496592,6.41423911844531,0.3664332081697308,-2.1751274728008414
0.30975517742200726,-0.05132153442535617,0.01996072471312084,0.7166012452239052,0.30840464393130285,-0.047995756988788704,0.09165234996249061,0.04249565382683224,348,170,1.6355542326557737,0.8642790589661634,5.133839193624776,6.662416649680049,0.4109715410567819,-2.215898882790564
0.30975517742200726,-0.05132153442535617,0.01996072471312084,0.7166012452239052,0.30622390699191704,-0.05014785222253695,0.10330702845864642,0.027264567482006327,348,171,1.6418089569922594,1.091642434339089,4.661906974301822,6.7411084506824865,0.45671621238545385,-2.2263295285707314
0.30975517742200726,-0.05132153442535617,0.01996072471312084,0.7166012452239052,0.3127934673900157,-0.059329423323441155,0.12105534158704262,0.018037087466871864,348,172,2.018072486220871,1.4396368142817857,3.857757512204793,6.941377281196145,0.37497729399483376,-2.157081155596198
0.30975517742200726,-0.05132153442535617,0.01996072471312084,0.7166012452239052,0.3276646636684895,-0.07776481932933298,0.14039199951261092,0.012392096594713775,348,173,2.6889123856019346,1.4922449148950458,2.9602442783444,7.12923567650057,0.1897497664062204,-2.060981035782928
0.30975517742200726,-0.05132153442535617,0.01996072471312084,0.7166012452239052,0.3464407178427446,-0.0967322634571162,0.15998827139958768,0.01969439951889704,348,174,3.3610971684745823,1.5580250839966814,2.000557351712216,7.1999087124601715,0.13492967516572912,-2.0270668839473927
0.30975517742200726,-0.05132153442535617,0.01996072471312084,0.7166012452239052,0.3652015261383597,-0.11564250190545633,0.1794001349605236,0.036581395116134806,348,175,3.995002684617321,1.5376620675985944,1.0200905925583894,7.20927246253697,0.12150786249040574,-2.005320041345704
0.30975517742200726,-0.05132153442535617,0.01996072471312084,0.7166012452239052,0.38385730244569954,-0.1344963253529802,0.19863607355990395,0.044816256533403834,348,176,4.562048499982821,1.4991423103289883,0.05039116559841787,7.204989328818734,0.07306846020215017,-1.962750734965304
0.30975517742200726,-0.05132153442535617,0.01996072471312084,0.7166012452239052,0.4024722560194412,-0.15333517190769372,0.21770348163327183,0.028803616910497175,348,177,5.111870641150976,1.391471343374235,-0.8591268623048687,7.165299167438915,-0.0236190660356944,-1.9035870213805162
0.30975517742200726,-0.05132153442535617,0.01996072471312084,0.7166012452239052,0.3963996300184712,-0.14717773866957304,0.2114418211076481,0.034200711002292605,348,178,4.8265624991488485,1.4907628923231249,-0.4189512710306033,7.163015475352476,0.06623573453597105,-1.9423481053283969
0.30975517742200726,-0.05132153442535617,0.01996072471312084,0.7166012452239052,0.3838682832601808,-0.13168519932630823,0.2046110051762759,0.09541555795442376,348,179,4.249993984462861,1.701186418120952,0.21568686747565685,7.170555360333608,0.1866496906482255,-2.044407787020244
0.30975517742200726,-0.05132153442535617,0.01996072471312084,0.7166012452239052,0.3707743493733927,-0.11763424186194724,0.19924640873376864,0.07509138441854013,348,180,3.7405321482835276,1.9258019025322026,0.6904809873947776,7.166554355333963,0.27110407087115307,-2.1318506829173276
0.30975517742200726,-0.05132153442535617,0.01996072471312084,0.7166012452239052,0.3573730075404986,-0.10511235405780756,0.19652566797682455,0.047200903397551834,348,181,3.262628358300149,2.079837411576295,1.0576568144699088,7.126551859474611,0.34480962881724964,-2.1752748405786
0.30975517742200726,-0.05132153442535617,0.01996072471312084,0.7166012452239052,0.34838071620583616,-0.09262459511517099,0.19601792825981249,0.0628093187634204,348,182,2.7649392810172357,2.3370135159834335,1.2716272301770326,7.074921584635406,0.44909154193739903,-2.254617036808785
0.30975517742200726,-0.05132153442535617,0.01996072471312084,0.7166012452239052,0.33997944082582265,-0.07846493758956583,0.19708860139205664,0.08392741549946033,348,183,2.20980152565128,2.6872375599907534,1.4460040025906415,6.970585853049278,0.5584565168196928,-2.3440391868044013
0.30975517742200726,-0.05132153442535617,0.01996072471312084,0.7166012452239052,0.32939614486181673,-0.07117569917222587,0.1975995184714534,0.05285585958192975,348,184,1.86946425402883,2.7489410559557683,1.5800335990675927,6.883711387432571,0.6698165816660266,-2.385225868557849
0.30975517742200726,-0.05132153442535617,0.01996072471312084,0.7166012452239052,0.3184634623714298,-0.06398131515455342,0.1946847633648339,0.03356341894163976,348,185,1.5476830721443773,2.7499275705384343,1.7703289775339226,6.776034545685427,0.7592636049010809,-2.4257725366921323
0.30975517742200726,-0.05132153442535617,0.01996072471312084,0.7166012452239052,0.3131989943688547,-0.058647913353549755,0.18979764899025464,0.021837552379940874,348,186,1.2793964203657928,2.7762722225520196,1.9234967835716603,6.713008940351721,0.789176197739171,-2.4258067158902956
0.30975517742200726,-0.05132153442535617,0.01996072471312084,0.7166012452239052,0.3134741239445261,-0.054969320905453645,0.18096119026342958,0.01470285915298568,348,187,1.0954222954678596,2.7859639265602123,2.16475122203893,6.702261729835782,0.8048247191591086,-2.459510139280497
0.30975517742200726,-0.05132153442535617,0.01996072471312084,0.7166012452239052,0.3149470338644715,-0.05300561653115897,0.16891106193039956,0.010370941797284402,348,188,1.0803250046199107,2.6407880136083786,2.558562149717158,6.727030266896387,0.7587927085103963,-2.4722168960874726
0.30975517742200726,-0.05132153442535617,0.01996072471312084,0.7166012452239052,0.31310334486853214,-0.05174734258302402,0.15837793450425275,0.00775816516206144,348,189,1.0635052139272185,2.4827334875627467,2.8672718287082493,6.723170537604348,0.7537181117883247,-2.490594725153176
0.30975517742200726,-0.05132153442535617,0.01996072471312084,0.7166012452239052,0.3112840432266172,-0.05308686791249087,0.14689467621447513,0.030109354678777175,348,190,1.1901766247513148,2.207459342745408,3.175476393221154,6.7401072496332715,0.7138102496608135,-2.484188036759762
0.30975517742200726,-0.05132153442535617,0.01996072471312084,0.7166012452239052,0.3109067339338085,-0.05319549510206433,0.13399213481857147,0.05379335062113556,348,191,1.250613498566146,1.9459496715882034,3.5754533292594552,6.742413397026045,0.6619107807027548,-2.493110128415435
0.30975517742200726,-0.05132153442535617,0.01996072471312084,0.7166012452239052,0.31207393893084046,-0.051796910313946475,0.11951817919983043,0.057316072120533065,348,192,1.2405879665081865,1.6446724132109711,4.120788909370843,6.707086726953141,0.6214380528289439,-2.4594841360861466
0.30975517742200726,-0.05132153442535617,0.01996072471312084,0.7166012452239052,0.3176580884394258,-0.05494030548473246,0.10508731723752318,0.05997775077588421,348,193,1.4776333758167384,1.2279770702598198,4.665688547287102,6.650742687060448,0.4836987228819936,-2.322037838514241
0.30975517742200726,-0.05132153442535617,0.01996072471312084,0.7166012452239052,0.3200959557048356,-0.05601342435697425,0.0877364861822919,0.03750783533164229,348,194,1.6236441551535605,0.6501382024805684,5.375753320617972,6.5235588904636606,0.3912321250636204,-2.298734169678804
0.30975517742200726,-0.05132153442535617,0.01996072471312084,0.7166012452239052,0.31582452597015087,-0.054703088494232895,0.0743118347333081,0.024269808815264984,348,195,1.685573707817587,0.2279079156253283,5.765281036356397,6.47823296760751,0.3081235805982173,-2.222142764923334
0.30975517742200726,-0.05132153442535617,0.01996072471312084,0.7166012452239052,0.3154636075880073,-0.057645931034279556,0.06003490903105138,0.0356450647552209,348,196,1.928530713992413,-0.23348490548194634,6.09283786348278,6.409327201653063,0.15234692710012276,-2.081147324713678
0.30975517742200726,-0.05132153442535617,0.01996072471312084,0.7166012452239052,0.31287585155856296,-0.060499859203241343,0.045698656764624423,0.07086303478168261,348,197,2.0734492660268478,-0.743719098006231,6.256094757400998,6.244846642486233,-0.017774342450198176,-2.0474966762470435
0.30975517742200726,-0.05132153442535617,0.01996072471312084,0.7166012452239052,0.31325938390024566,-0.05652064194464583,0.036286957736832826,0.09340645568432417,348,198,1.896858891392117,-0.7954204021979925,6.4257737607052885,5.8865080176367846,-0.03110152127952917,-1.9663009570426135
0.30975517742200726,-0.05132153442535617,0.01996072471312084,0.7166012452239052,0.3124047529770786,-0.05303762971429821,0.030439505142621642,0.13641471636140962,348,199,1.8301866517445358,-0.8247179563198365,6.4548685477580765,5.557042115611442,0.0010457025353346975,-1.9672907232613868
0.30975517742200726,-0.05132153442535617,0.01996072471312084,0.7166012452239052,0.31283033553655254,-0.05358074789615869,0.02596012000722636,0.15131569366764316,348,200,1.8388782084476658,-0.9112953143357614,6.444281138895844,5.545254707898345,0.0009814128892273646,-1.8096077479630097
