agent_x,agent_y,block_x,block_y,block_angle,episode,step,epijepa_pca1,epijepa_pca2,epijepa_pca3,released_lewm_pca1,released_lewm_pca2,released_lewm_pca3
359.0,368.0,333.69165,212.01947,5.6028233,630,0,-3.3272791421014274,-1.4326715571161772,-2.459223440078408,-1.4669347822006467,0.2744595501349158,-0.18652049914651916
351.13025,367.04202,333.69165,212.01947,5.6028233,630,1,-3.425589837161334,-1.3769855437616911,-2.719298392725144,-1.499142102319607,0.28306750074962317,-0.17932135326561377
343.6903,366.11856,333.69165,212.01947,5.6028233,630,2,-3.5120688074093818,-1.3196211297234828,-2.932684411654445,-1.6533357586954323,0.27371211059090256,-0.07585147887875276
340.50293,365.56174,333.69165,212.01947,5.6028233,630,3,-3.5593841021257493,-1.301534821458558,-3.0573731010481087,-1.6707568578902712,0.26894801804320634,-0.06459183361637706
338.07385,362.86075,333.69165,212.01947,5.6028233,630,4,-3.577840246141241,-1.3239839025591056,-3.104228354348272,-1.6827952041891983,0.24892372408581398,-0.07724075461657583
331.84424,354.79114,333.69165,212.01947,5.6028233,630,5,-3.6088651489527157,-1.305746681811906,-3.23770355601675,-1.665078472269409,0.2558505296970686,-0.06775698444947142
320.95682,343.37192,333.69165,212.01947,5.6028233,630,6,-3.636309191505536,-1.3523106503894928,-3.369305977146763,-1.7757899126184225,0.2542124395275,-0.028404796059638804
307.04803,331.43637,333.69165,212.01947,5.6028233,630,7,-3.874310153029243,-1.2677698992298203,-3.9493915721058546,-1.9324304564230947,0.12599266900866524,0.021555643496215054
293.90097,320.4484,333.69165,212.01947,5.6028233,630,8,-4.046172424793535,-1.2098571338586872,-4.328383176366566,-1.9839840485472553,0.00023416455703663408,-0.020892982653344383
282.05197,309.93524,333.69165,212.01947,5.6028233,630,9,-4.22220619326095,-1.135752705746581,-4.797386365593976,-2.0527024680237798,-0.13305239168666544,-0.055367654801663196
271.75406,298.29742,333.69165,212.01947,5.6028233,630,10,-4.468102667119733,-1.0710194868999368,-5.278750748404681,-2.152860108004214,-0.3222739499948721,-0.07299052857966107
263.03244,284.72336,333.69165,212.01947,5.6028233,630,11,-4.681911219122054,-1.0403785027713985,-5.619000952595027,-2.174557901084976,-0.5182124692360109,-0.16792578692769636
257.3211,271.14746,333.69165,212.01947,5.6028233,630,12,-4.89524392131737,-0.9868319022728043,-6.060338146397762,-2.1392206490543346,-0.644502735057316,-0.2767733242980108
254.23526,256.8028,333.69165,212.01947,5.6028233,630,13,-5.017723206621826,-1.0242460424056685,-6.197162224551291,-2.149468099309152,-0.8339753235505286,-0.3993559430822632
252.251,242.52187,333.69165,212.01947,5.6028233,630,14,-5.179479395174247,-1.0148830096844674,-6.478405942626886,-2.149510813518223,-0.9195186007199508,-0.49877228271783264
251.16052,228.4106,333.69165,212.01947,5.6028233,630,15,-5.250546663105268,-1.0077342276781303,-6.510596301444015,-2.2073882987461158,-1.0831040401504464,-0.6133039561707442
251.16223,214.58653,333.69165,212.01947,5.6028233,630,16,-5.358056070119851,-0.9867233698966086,-6.651946743401696,-2.2141484474219233,-1.1740508262209912,-0.677584346468015
253.72466,201.47675,333.69165,212.01947,5.6028233,630,17,-5.370593784021901,-1.0063137121621284,-6.624355534944261,-2.267436986504812,-1.25849789848838,-0.7709974341723361
263.3223,188.12941,333.69165,212.01947,5.6028233,630,18,-5.315866701080323,-1.0929001122310424,-6.357178319734606,-2.2190293272039194,-1.264348683474619,-0.880737911162803
279.49133,176.80014,333.69165,212.01947,5.6028233,630,19,-5.044061199967577,-1.2864667075829477,-5.717409012096787,-2.1283493419730513,-1.2296785658639993,-0.967466316844472
295.24936,168.95726,333.69165,212.01947,5.6028233,630,20,-4.741504992793431,-1.4900823608364973,-4.957000452018759,-2.013982028417271,-1.1623669856087155,-1.075317528358864
308.91153,163.73402,333.69165,212.01947,5.6028233,630,21,-4.441909230862474,-1.6344282404130952,-4.289483218337001,-1.9946924316550496,-1.1537833669639945,-1.118602315229248
325.412,159.82834,333.69165,212.01947,5.6028233,630,22,-4.107389697278494,-1.828798269688845,-3.4988436684835205,-1.8367391686014165,-1.0400506632266788,-1.1579480508630717
342.90042,157.03455,333.69165,212.01947,5.6028233,630,23,-3.7514199029151647,-1.9982813632089467,-2.706003168821972,-1.781739456244816,-1.0170621368223114,-1.2065065049916934
357.57343,155.42198,333.69165,212.01947,5.6028233,630,24,-3.4771099635183824,-2.094327423123744,-2.07654986940705,-1.612030424133235,-0.9303877526237568,-1.2290308316617682
367.9077,155.03218,333.69165,212.01947,5.6028233,630,25,-3.3124197869691305,-2.127473236721022,-1.7196313373472805,-1.610486948411424,-0.9212023902674281,-1.236916302448182
374.84232,156.25291,333.69165,212.01947,5.6028233,630,26,-3.157437502296565,-2.2029208482679983,-1.4056216960286807,-1.4956728431510515,-0.872249978168123,-1.2587445963626291
379.67065,159.95604,333.8237,212.31577,5.6058125,630,27,-3.0194912078436213,-2.281907852500034,-1.1466796801443122,-1.3793970175519679,-0.8410596381260772,-1.2733022033160513
382.79816,165.98738,335.4816,216.40619,5.645763,630,28,-2.866051356223174,-2.31819983826676,-0.8536711886515855,-0.9469373347420278,-0.7419665854786486,-1.2934916382178518
383.58145,173.74734,338.7074,220.15492,5.7085752,630,29,-2.759625757824718,-2.3368566355336795,-0.5951749327733041,-0.7519129224747089,-0.7727720420171903,-1.4011911686345022
382.66077,182.29796,342.83823,221.69218,5.7730365,630,30,-2.784830151397071,-2.389656155973533,-0.5406947054199223,-0.6017563933018912,-0.834981169403064,-1.4543197652138793
381.69003,191.56068,347.60223,224.02599,5.8432426,630,31,-2.7715158776952675,-2.4067941033592333,-0.3744323506594345,-0.37786241834640094,-0.7934783851132247,-1.4636854005277882
381.0901,202.44667,353.576,228.39903,5.9276543,630,32,-2.7420662470094035,-2.4120700468288288,-0.24521855104556525,-0.24350217156648185,-0.8210623011208655,-1.5151728300144112
382.47977,213.2749,359.74393,234.97523,6.0125976,630,33,-2.736918518250398,-2.427477682651975,-0.12491993517893626,0.03950067024468671,-0.8333819093641666,-1.5206685540134859
384.4395,222.75711,364.66852,242.10307,6.0815153,630,34,-2.710056237398051,-2.3972442399224403,-0.1028818641864935,0.10856830219096167,-0.8841885930961522,-1.5733565774894593
387.44727,230.32848,367.93204,247.99628,6.1294,630,35,-2.7250704694702894,-2.3887045880389137,-0.09880072344491744,0.3372425591992234,-0.9216289920238138,-1.6581841345083252
391.74298,236.36551,370.66357,253.56464,6.1729875,630,36,-2.725469746150899,-2.373128256794305,0.013754764445188167,0.4649621535277742,-0.9574313097967657,-1.7602960767959388
397.51505,240.90979,372.65222,257.7764,6.2081256,630,37,-2.7415702793854733,-2.3528522827343927,-0.008753986699628152,0.5075663346748996,-0.9393733365686077,-1.773754540608397
403.02643,244.62483,374.06973,260.68216,6.2354884,630,38,-2.7255393497981646,-2.3435272339140782,0.03292621217300837,0.5371822970259016,-0.9504856132041335,-1.8683441127602158
408.84555,248.38342,375.60886,263.68835,6.267426,630,39,-2.783570264850359,-2.340504334189072,0.008348692082457032,0.5881054682036474,-0.9636019049178501,-1.933065660945374
414.99097,252.44032,377.14868,266.59097,0.018414795,630,40,-2.749864139082704,-2.336594955697751,0.028708798830840737,0.6280809737647909,-0.9259172441071188,-1.982629526740289
420.40118,256.69485,378.64777,269.35422,0.053802673,630,41,-2.7732403892388504,-2.3222583037867266,0.0447362364284381,0.6776783452823251,-0.9250873213561123,-2.018136018347707
425.40308,263.32526,380.753,273.33127,0.1073005,630,42,-2.7308391297033854,-2.2291995025463622,0.054978300261628366,0.5933128837130929,-0.935416003976832,-2.066277996820733
429.90436,271.04822,383.0005,278.00674,0.17085183,630,43,-2.665432835660165,-2.2211820667089603,0.11465779177771976,0.634266240636404,-0.8902830890348519,-2.0361246841428424
433.37708,278.01065,384.7627,282.13007,0.22711584,630,44,-2.6175193157977867,-2.1724998961645166,0.1363866006330462,0.6432841209756424,-0.8156385507856009,-2.0277136788943713
435.4103,284.4991,386.2027,285.95334,0.27918455,630,45,-2.6147842526813307,-2.0983641259620804,0.11336119571791671,0.6298349429513067,-0.7829398794008063,-1.9910855601370807
436.47995,290.4287,387.36734,289.57635,0.32778004,630,46,-2.6411182277632257,-2.110673224113107,0.10903008370385767,0.500452693571438,-0.7765805388996418,-1.9361336721559255
437.21378,296.50912,388.31558,293.0848,0.3742098,630,47,-2.6297966558917683,-2.0488714240264443,0.06648517516760197,0.4464511068601448,-0.7485086078791586,-1.8446274720188889
437.64084,302.3019,389.11688,296.76852,0.42220685,630,48,-2.5912350481945237,-2.012529879799676,0.044329625749832985,0.3780465259526339,-0.7658514624856438,-1.793494247582399
437.82944,307.77435,389.69357,300.21155,0.4665325,630,49,-2.5293601664940177,-1.9680079508688193,0.05935950431724146,0.3772362104369376,-0.7212890474695829,-1.7091058011618108
437.1896,312.4664,390.076,303.3924,0.50699574,630,50,-2.5202700082875196,-1.9516890589666185,0.046228886034162364,0.22706086271366097,-0.6972811745709577,-1.634076572030284
435.53046,316.34024,390.2815,306.41827,0.54459846,630,51,-2.459656176920229,-1.907307019058377,0.07430863977953175,0.17320369058424034,-0.7268620495092007,-1.5483469380310675
433.5013,319.56735,390.3143,309.25922,0.5787577,630,52,-2.4200103179407946,-1.9398459440701075,0.07939961968544978,0.12654659984602928,-0.713323752491777,-1.4166482001489613
430.4711,322.81012,390.1494,312.51562,0.6163416,630,53,-2.391673696046804,-1.8965839708133467,0.06685561811215399,-0.0034056166193880827,-0.7619760276853039,-1.4041468616022543
426.39728,325.77832,389.66696,316.2657,0.65714955,630,54,-2.363754939468261,-1.8699375623528238,0.013587539741617333,-0.06476499695006621,-0.8137470358825579,-1.2477806793636477
421.4282,327.36218,388.8829,319.8081,0.6926373,630,55,-2.3284346391678765,-1.8753395155263792,0.030934571158020147,-0.166507841654002,-0.7888234873937059,-1.1539456703386546
416.66708,327.36942,388.11142,322.2239,0.7142422,630,56,-2.318500084870763,-1.8786945175582679,0.06089760739190153,-0.2804774686792281,-0.8138636525660999,-1.0527952422402262
416.9857,326.3232,387.99045,322.5467,0.7169143,630,57,-2.3061661012104087,-1.8718231955675373,0.08031708753157761,-0.27506358684577065,-0.8185824704148028,-1.070008850192997
424.47263,326.11523,387.99045,322.5467,0.7169143,630,58,-2.3509626228319584,-1.8229401275731647,0.04655187442218886,-0.3880121908231252,-0.7647375033299191,-1.0333508572601202
433.80627,328.61203,387.99045,322.5467,0.7169143,630,59,-2.3524909020906075,-1.7887054889390326,-0.001732789174892363,-0.37740088884323264,-0.6627782115944552,-0.9800284270865515
440.20682,335.22165,387.99045,322.5467,0.7169143,630,60,-2.36443349312957,-1.6903096836658134,-0.05624192254028024,-0.31843881483090924,-0.6136877907504648,-0.9799362205270722
444.08826,343.60953,387.99045,322.5467,0.7169143,630,61,-2.333956041004594,-1.611779507047708,-0.09451032113234417,-0.39108500253380685,-0.520642371018868,-0.9222351943478189
446.00537,352.0225,387.99045,322.5467,0.7169143,630,62,-2.2897050968454504,-1.5732254404372563,-0.12101499010524999,-0.37413817848850406,-0.44839286941334244,-0.9074754619000988
446.86783,358.8204,387.57858,323.13614,0.7261595,630,63,-2.2392451936845275,-1.5130913569882998,-0.14045633391409548,-0.34859550655616467,-0.4015105103532569,-0.8297411654565863
447.03394,363.3069,387.31107,323.25708,0.72829235,630,64,-2.182873620223161,-1.5080654294564544,-0.13731902447753877,-0.34407685378668396,-0.40618685502602936,-0.8262182516102247
446.69788,366.0632,387.2796,323.25385,0.72828406,630,65,-2.1892753210828837,-1.4812613567273512,-0.1496063524552191,-0.3541585044024716,-0.40912319279921133,-0.8041168900046656
445.7531,368.38153,387.0347,323.16058,0.72720486,630,66,-2.169950287066837,-1.4559845777145224,-0.15945271978766776,-0.3239299988177227,-0.35735475146662454,-0.7738572402736041
444.0954,370.4207,386.50565,322.84598,0.7231715,630,67,-2.155773991725504,-1.4650967420037466,-0.15573701404602838,-0.29287821014932214,-0.30408392007707674,-0.741062712803718
442.02222,371.88925,385.89255,322.35733,0.71660334,630,68,-2.12419624854209,-1.519394232407741,-0.13950817191421114,-0.2611046040525035,-0.3043198081360287,-0.727594618078017
437.7946,371.3254,383.25168,320.12128,0.686793,630,69,-2.0766986627710082,-1.5766034824061907,-0.10204065388822378,-0.1674105649342639,-0.24249500309970362,-0.7457518932865964
432.2596,369.22717,378.46194,316.3754,0.6382191,630,70,-2.0181426652843033,-1.6514071463753779,-0.05754872720867979,0.039338364077043976,-0.07831300667589633,-0.6233086897922617
426.91833,367.05347,373.27637,312.70218,0.5920451,630,71,-1.9911447584479995,-1.7056140610104171,-0.013998954753831061,0.1276912620834199,0.08533791386567385,-0.5946889384294971
422.76782,365.02353,368.83063,309.81802,0.5569309,630,72,-1.9980502715378679,-1.7599341689176364,0.002500905370849904,0.21858099878976037,0.06923655249700796,-0.6235494539056323
418.93698,363.24118,364.73822,307.3474,0.5275889,630,73,-2.007919036917732,-1.795747390489103,-0.01293687060190915,0.28967519550053245,0.14929215680003038,-0.5166260374967562
413.0903,360.6136,358.54938,303.89407,0.48805782,630,74,-1.9687080940369102,-1.8389740748227692,0.018949941498090594,0.4097322381168578,0.22353119773904245,-0.4643353428891201
405.66846,356.96786,350.0747,299.63025,0.44172877,630,75,-1.868233583268231,-1.918004584296421,0.1088020151371168,0.4633057666706149,0.3199497373568573,-0.4433681887985041
398.6399,353.8803,341.91983,295.87976,0.4025918,630,76,-1.866229819711124,-1.934787392779635,0.14905263347564018,0.5014235050102027,0.36914895528833663,-0.24378123009422403
393.62607,352.069,337.02933,293.13086,0.36855268,630,77,-1.8088726036892844,-2.0371682132665203,0.23154073086561117,0.4615665010019165,0.45259525413340007,-0.2106718441773903
390.11334,350.02792,333.60098,290.7017,0.33413568,630,78,-1.748884674659739,-2.0800508654863092,0.268875447605321,0.48227494902223117,0.46004140702672564,-0.20201104156049643
385.17212,346.33557,329.65735,287.4038,0.28313476,630,79,-1.7324021078703027,-2.173258782418029,0.33100067529983057,0.4827695401168494,0.46554461372787925,-0.2249245953588329
376.96564,342.24567,326.8253,284.34573,0.23241365,630,80,-1.685875493897084,-2.275420255432834,0.4129282375865378,0.39814457666895364,0.49725325738548976,-0.24283425536927716
368.6228,339.0931,326.40396,283.60675,0.22019063,630,81,-1.6185945682102323,-2.3478805289689166,0.5247588204076141,0.36510153966803466,0.4334744248748865,-0.2998688937816998
362.94962,337.2727,326.23026,283.23154,0.2146205,630,82,-1.5395232926929674,-2.3722897366352527,0.6154584773770198,0.3401181328464471,0.3710493862863267,-0.3476286908458054
358.54288,336.2727,326.20633,283.17474,0.21383287,630,83,-1.4819360097998089,-2.4119589952170872,0.6860959279124587,0.3691307721315495,0.3297377333991799,-0.33660682415636056
352.95596,335.60425,326.20633,283.17474,0.21383287,630,84,-1.4516730555099115,-2.395044809483897,0.725938094094047,0.37550912328047914,0.2858669676186513,-0.3884442101579537
345.5609,336.91086,326.20633,283.17474,0.21383287,630,85,-1.3768704970101573,-2.390225073055104,0.7667637652378659,0.3629649464699752,0.26782482256885876,-0.4696284661579748
338.32526,340.1411,320.96487,282.01453,0.22453858,630,86,-1.2693133096775764,-2.4287330192598717,0.8633964268755092,0.29485223851151404,0.3576554333490564,-0.38829032898994914
332.34488,343.4432,316.7797,281.03015,0.24070206,630,87,-1.166217664901999,-2.474518155834017,0.9705406095283802,0.24023178981194374,0.4926074911569803,-0.2864803393374621
324.14,345.17096,311.49237,279.66098,0.27131936,630,88,-0.9529931924335315,-2.4547453725420616,1.0942345231786312,0.17886997321698622,0.5756359249839142,-0.20102216160698416
315.921,345.77463,306.133,278.07742,0.30916473,630,89,-0.7767661596559098,-2.4929889045435343,1.2182609736708254,0.14998422889660698,0.6985822033690036,-0.16987060625262945
310.26437,345.03482,302.66605,276.92596,0.33638564,630,90,-0.6657009644726379,-2.4654099393011526,1.2777289343035916,0.14667671192423756,0.7777185979030692,-0.15584473113800096
306.33572,343.57874,299.81985,275.89966,0.3585222,630,91,-0.542008216974002,-2.4773026701272194,1.3783398026318663,0.1503126646691303,0.8118268207274226,-0.13256792202304418
302.91846,341.24072,297.12274,274.86237,0.37788746,630,92,-0.465745108056294,-2.510109349188039,1.5168234433903631,0.19996050816347608,0.8200051308235642,-0.20227966418999718
299.9059,339.20847,294.6245,273.85016,0.3937589,630,93,-0.3073263853082933,-2.4964189808471513,1.5202290231682856,0.1798684191784371,0.8995635024402695,-0.2243558562878074
297.11847,336.64026,292.11014,272.78665,0.40789828,630,94,-0.22062458455504558,-2.466382700516576,1.6351255608613293,0.17227547142951352,0.9376686001530506,-0.22973792661608056
292.3196,332.95425,287.887,270.91696,0.42734894,630,95,-0.019661539760950447,-2.447329122376206,1.722956064793051,0.16425485744861879,1.0143116295035235,-0.3288214583987163
286.961,329.5892,282.98294,268.63293,0.44600794,630,96,0.22849323181564057,-2.4654386232867673,1.7704185334412033,0.1743078778789726,1.1133044329728463,-0.46580210565316665
282.66718,326.90182,278.95938,266.6792,0.45928612,630,97,0.4259995651830477,-2.44887903442416,1.8338544160810497,0.20473104650613652,1.1838256604074617,-0.6409869345821709
279.15085,324.8775,275.9506,265.17642,0.46815416,630,98,0.5828020680527923,-2.4221699662463663,1.7928965020825176,0.23570182464657127,1.2329792958650518,-0.8469417361585024
275.36862,323.3732,272.72583,263.5293,0.47735503,630,99,0.7702541385860446,-2.3950278437560844,1.7082857543622008,0.1749212256230465,1.349081331395045,-1.0001802766519685
271.61804,321.8765,269.54938,261.86957,0.48672193,630,100,0.947740970710001,-2.4122877088955135,1.6624833109152481,0.10974694324628922,1.479380912570312,-1.0657944723575117
267.618,319.9604,266.12704,260.0386,0.49690363,630,101,1.1559102385203326,-2.410500180919051,1.5515853362776868,0.060830139961668854,1.7420531867107352,-1.252036715917503
262.91666,318.29697,262.33514,257.95752,0.5084059,630,102,1.4138812922143007,-2.426289991168006,1.385571420519895,-0.07282478334392004,2.138381931476147,-1.475446194587826
258.3388,316.83154,258.73654,255.92737,0.52041465,630,103,1.7351920789354212,-2.481937534985667,1.1049615759367208,-0.22858508050351023,2.5871920475577426,-1.5843503372100787
254.9931,315.62128,256.26605,254.49886,0.529316,630,104,1.9081235614690757,-2.4734501911000164,0.929403511728867,-0.32187794177302087,2.8959002194251346,-1.7366460262919863
252.03188,314.65146,253.97899,253.14919,0.53802687,630,105,2.002580435108521,-2.426246297500437,0.8020489141931848,-0.4601934336188618,3.3890804779270427,-1.8463209726459562
245.9552,313.6256,250.04607,250.76337,0.55524534,630,106,2.2720863714853192,-2.343475761943508,0.41410443127795815,-0.7303990911198874,4.211077568295447,-1.785402110279989
238.87065,312.75153,245.63902,247.9664,0.579732,630,107,2.463232441846662,-2.178596593871696,0.03655153085916024,-1.0117842958903396,5.293276462807262,-1.825221732880642
234.07292,312.16742,243.01132,246.21762,0.5976934,630,108,2.476882266755244,-1.9931009126135837,-0.09428962211259792,-1.1977885194817832,5.834193772224217,-1.9210963815299889
231.10558,311.94632,241.38313,245.09619,0.6104768,630,109,2.55528754579101,-1.9016292172306366,-0.22695100021465095,-1.313230260743864,5.941209620414224,-2.129130858341822
230.07278,313.5499,241.16356,244.94243,0.6123216,630,110,2.5950729928916196,-1.887426809263818,-0.27092423557647427,-1.3527754174713393,6.069084194976017,-2.1606182418193423
247.86816,331.8458,241.16356,244.94243,0.6123216,630,111,2.610095433559023,-2.1386287449900623,-0.15785710865784527,-1.1419668195156312,7.323500635557826,-2.3704408244016926
274.11642,352.05975,241.16356,244.94243,0.6123216,630,112,2.3824079742495368,-1.9222164686798946,0.01987822035311751,-0.7771079776667105,8.166429903623369,-2.3836756523952833
295.82977,360.0998,241.16356,244.94243,0.6123216,630,113,2.024299187833091,-1.7106944623053986,0.26237982298746004,-0.46335881068822443,8.360721889863063,-2.3659624847104364
314.6963,354.54117,241.16356,244.94243,0.6123216,630,114,1.6066153490912818,-1.5513434300072757,0.6683953042284112,-0.24552132030314483,8.302009564371074,-2.3551847267947954
330.344,340.3049,241.16356,244.94243,0.6123216,630,115,1.1567160278913262,-1.458170665511062,1.139557440764635,-0.04154325735082706,8.081709033632434,-2.326688317792854
340.57718,323.7115,241.16356,244.94243,0.6123216,630,116,0.8070657857992865,-1.349561157945831,1.488918944065864,0.14006949316061576,7.965246058312324,-2.4186689550748355
346.1879,305.65762,241.16356,244.94243,0.6123216,630,117,0.5527828502808076,-1.2574664080216607,1.756082847258681,0.24018567029938545,7.853907027388632,-2.4359901372065216
348.4189,286.50192,241.16356,244.94243,0.6123216,630,118,0.3546649237811891,-1.1688212269507698,1.9621158505850904,0.4295496087817161,7.729257070624711,-2.4373182688542525
348.60092,269.6163,241.16356,244.94243,0.6123216,630,119,0.19844705376973343,-1.0259604164876208,2.0640934895213934,0.4888936566677256,7.701520909661068,-2.416249782493685
344.97144,254.19098,241.16356,244.94243,0.6123216,630,120,0.10544112437069823,-0.9470640489670041,2.1572596146694347,0.6066167232592473,7.6461800714234425,-2.4270585202072814
338.9167,240.72078,241.16356,244.94243,0.6123216,630,121,0.0644779344603595,-0.896499720820128,2.2150002547897327,0.6632770429796915,7.563967192194891,-2.3935809659100933
329.27426,229.70938,241.16356,244.94243,0.6123216,630,122,0.09041792882943007,-0.9305825759685309,2.236591557334851,0.7683594140376527,7.459851485635757,-2.336873355419863
317.98053,222.34848,241.16356,244.94243,0.6123216,630,123,0.1311538699668081,-0.94817104132026,2.246772922747457,0.8419923893361976,7.355299060912332,-2.31961890087553
307.38028,218.868,241.16356,244.94243,0.6123216,630,124,0.22244520482831642,-1.0197339547928932,2.266749165229466,0.9179258339896494,7.18750770565167,-2.327667257358892
299.36252,218.25212,241.16356,244.94243,0.6123216,630,125,0.30357143516661234,-1.1056965305220907,2.276853516039058,1.0020446513300036,7.014633684259778,-2.2963569105244646
293.8407,218.8821,241.16356,244.94243,0.6123216,630,126,0.3665579145408574,-1.188387056415956,2.2872530228881764,1.0431723984978143,6.889033028720671,-2.314234081070152
288.36206,221.5051,241.16356,244.94243,0.6123216,630,127,0.4519028099756168,-1.3021055169634825,2.3209559836912876,1.0987224794520054,6.6603864144334555,-2.300324912706784
282.05484,225.67902,241.16356,244.94243,0.6123216,630,128,0.5477072433559026,-1.4352684195720238,2.35834360051248,1.1619135749126872,6.342330697861895,-2.3406922979909575
276.34323,229.82944,241.16356,244.94243,0.6123216,630,129,0.6161385529773722,-1.522598129702767,2.394454282008725,1.264755987828332,5.897642402867818,-2.36655104557877
271.93448,233.33653,241.16356,244.94243,0.6123216,630,130,0.6849330318156839,-1.592437681912594,2.4341926443234394,1.3361017459321838,5.520934204764291,-2.34347899582386
268.1985,235.66876,241.16356,244.94243,0.6123216,630,131,0.7876274264150355,-1.6248739352414892,2.4790995843750365,1.3793744943207151,4.975631688741097,-2.367154142592531
265.09018,237.45322,241.16356,244.94243,0.6123216,630,132,0.8349489525996502,-1.6171478786086708,2.4562710238085566,1.3632211851461304,4.753039858626131,-2.3799841520849965
263.2241,238.72975,241.16356,244.94243,0.6123216,630,133,0.8704001469442301,-1.611186573892507,2.4590843652637813,1.3814758200291941,4.4113857149572775,-2.387976756794918
261.9437,239.32103,241.16356,244.94243,0.6123216,630,134,0.8901118308301729,-1.594386952849946,2.4412803810946584,1.3830119782595116,4.38656393992425,-2.36318281912251
261.27524,239.85239,241.16356,244.94243,0.6123216,630,135,0.9082045913567384,-1.5811190257547705,2.447846417333174,1.4067320985928704,4.232200617683234,-2.325544000449417
260.83133,240.54324,241.13266,245.01318,0.61266357,630,136,0.9170880954440783,-1.5679856609019502,2.4063088485420665,1.4058128367135225,4.2436785585393695,-2.3584640860907844
261.54874,236.35748,241.10274,245.08163,0.6129941,630,137,0.8343829309117218,-1.5789706257813692,2.4183874454404144,1.3920466619210954,4.644970386757106,-2.3446311005856453
262.60504,224.93967,241.10274,245.08163,0.6129941,630,138,0.7618752751358495,-1.477779379528067,2.2951677546600395,1.3875704018709694,5.421885760129283,-2.2241411557135313
257.5858,208.97543,241.10274,245.08163,0.6129941,630,139,0.7740499890153251,-1.2460835360470186,2.018833230426265,1.3653087333231235,5.986041735322214,-2.01399355907549
246.28542,196.33319,241.10274,245.08163,0.6129941,630,140,0.8231975950132879,-0.9827696654138773,1.6623417402471354,1.3778259240596344,6.102538896750619,-1.8125979776194994
232.9446,189.28587,241.10274,245.08163,0.6129941,630,141,0.9373378667609084,-0.8324184752102032,1.3012464258725638,1.3540922228853038,5.973620981729195,-1.588688225808792
222.0394,184.93079,241.10274,245.08163,0.6129941,630,142,1.0399783785798529,-0.7465974187427087,1.0135151565167995,1.3337297897990945,5.98435917932796,-1.4507446102948562
212.13092,181.09865,241.10274,245.08163,0.6129941,630,143,1.1019105601712638,-0.6129919100003611,0.7194472301298173,1.270913613934564,6.049321624887289,-1.339971234924906
199.72882,178.41772,241.10274,245.08163,0.6129941,630,144,1.2078382849424194,-0.45388718817093515,0.35661836899063365,1.253742682442009,6.20015789169387,-1.2939544955245208
186.38577,179.78076,241.10274,245.08163,0.6129941,630,145,1.321891400591701,-0.3794625130825837,0.04257190084800766,1.1703831287564666,6.246785501359247,-1.2137486436005918
176.48044,182.93272,241.10274,245.08163,0.6129941,630,146,1.4132013431347505,-0.3167114426176309,-0.24998465728361804,1.0863761104650607,6.346388060668972,-1.1803085859119324
170.85504,184.89868,241.10274,245.08163,0.6129941,630,147,1.4650623280481903,-0.2797202533155351,-0.39212942946734686,1.0795009442146575,6.344133131124077,-1.1622934744097981
168.50125,188.68448,241.10274,245.08163,0.6129941,630,148,1.5467795491067478,-0.32468640799523657,-0.398258984712769,1.0596971603112153,6.352157025761236,-1.1460260985692228
167.94926,192.75027,241.10274,245.08163,0.6129941,630,149,1.6179065879850607,-0.3804493485848194,-0.4234157008905294,1.035500228892728,6.2357710448422985,-1.0889165493594428
168.28723,195.81908,241.10274,245.08163,0.6129941,630,150,1.6766590343914056,-0.41620133371921025,-0.4231268814468553,1.017648865346034,6.14484721599742,-1.044538965885223
169.23822,198.55586,241.10274,245.08163,0.6129941,630,151,1.7171390916502125,-0.46889487240450356,-0.3918508411581234,0.9881314374408177,5.999757349049421,-1.002954612393641
170.88777,200.80016,241.10274,245.08163,0.6129941,630,152,1.7433689964440897,-0.5446314976156278,-0.3124919236196537,0.9595663979232927,5.75659857330235,-0.9254972474155552
172.879,202.87158,241.10274,245.08163,0.6129941,630,153,1.7509891397567388,-0.5875002842678432,-0.217153184317974,0.9171719567062373,5.495133064023532,-0.847199396736086
175.3345,204.11678,241.10274,245.08163,0.6129941,630,154,1.7802977829640403,-0.6581981863912192,-0.1079396901964649,0.8434156722084402,5.253673152360295,-0.7869761043650696
177.81883,205.84532,241.61566,245.44382,0.6182771,630,155,1.7865367555258505,-0.7491695193549941,-0.04552511210531093,0.7361547962752933,4.9004149406909505,-0.5108081386586572
181.01268,208.56207,245.08496,247.99965,0.6535857,630,156,1.9985757545434857,-0.9125063998955333,-0.17829723073430845,0.576063932329451,4.855286503466676,0.2835900344967679
184.00883,211.91432,248.87154,251.00775,0.6911033,630,157,2.1502303691658167,-1.008655832720368,-0.32998599450513555,0.1676181414150112,4.182806717657011,1.3523715821887072
