step,epoch,loss,pred,sigreg,epi_ratio,erank,grad_norm,lr,it_s,val_pred,val_sigreg,val_epi_ratio,val_erank
1,0,1.0939728021621704,1.1398565769195557,1.120579719543457,1.5294584035873413,162.02040100097656,1.367841124534607,3.3333333333333335e-07,0.1517408815368754,,,,
200,0,0.454636812210083,0.46420300006866455,20.746063232421875,0.31887301802635193,30.6991024017334,1.0879982709884644,3.35e-05,1.3029858101212342,,,,
400,0,0.08663032948970795,0.09499941021203995,24.867549896240234,0.2789694666862488,26.743486404418945,8.998827934265137,4.999860140229788e-05,1.3001608765048058,,,,
600,0,0.0167111624032259,0.022191084921360016,24.346168518066406,0.18266406655311584,11.400385856628418,2.9444961547851562,4.9987413559579636e-05,1.2852196299919552,,,,
800,0,0.006026089191436768,0.011372308246791363,21.955821990966797,0.17820730805397034,10.152796745300293,1.5151671171188354,4.996504288113624e-05,1.2993713867458816,,,,
1000,0,0.019858215004205704,0.025653036311268806,21.104480743408203,0.19316069781780243,9.461584091186523,4.859592437744141,4.9931499378713064e-05,1.3218020470171576,,,,
1200,0,0.003359029535204172,0.008547251112759113,21.40170669555664,0.1729407161474228,8.157326698303223,1.1659659147262573,4.988679806432712e-05,1.3086528771341104,,,,
1400,0,0.003913868684321642,0.009951655752956867,23.111583709716797,0.2012595683336258,9.626148223876953,0.8117340803146362,4.983095894354858e-05,1.3058757126711409,,,,
1600,0,-0.0007461821660399437,0.00538805453106761,23.519908905029297,0.2044745683670044,8.700799942016602,0.4379603862762451,4.9764007006547516e-05,1.3281132720520599,,,,
1800,0,0.0003976202569901943,0.006716233212500811,22.423828125,0.2106204330921173,9.78036117553711,1.0835970640182495,4.968597221690986e-05,1.3459745030682844,,,,
2000,0,-0.0006888103671371937,0.005905847530812025,23.58842658996582,0.21982192993164062,9.268768310546875,1.0842515230178833,4.9596889498227486e-05,1.3602275653000917,,,,
2200,0,-0.0013376343995332718,0.005567165557295084,22.586502075195312,0.23015999794006348,10.282862663269043,0.2812040150165558,4.949679871846857e-05,1.37170115556367,,,,
2400,0,-0.0020843269303441048,0.005152400117367506,24.735265731811523,0.2412242442369461,10.151488304138184,0.8078401684761047,4.938574467213518e-05,1.3815000587652848,,,,
2600,0,0.0007255463860929012,0.008507352322340012,24.28573226928711,0.2593935430049896,11.349037170410156,1.7630996704101562,4.92637770602159e-05,1.3898575839124938,,,,
2800,0,-0.002034377306699753,0.004866846837103367,22.745647430419922,0.2300408035516739,9.622319221496582,0.9114425182342529,4.9130950467942814e-05,1.397209288057393,,,,
3000,0,-0.00014179013669490814,0.008161475881934166,22.784229278564453,0.2767755389213562,12.027692794799805,0.8754266500473022,4.898732434036244e-05,1.4036085104749487,,,,
3200,0,-0.0036380712408572435,0.0037966163363307714,23.79490089416504,0.24782292544841766,10.382451057434082,0.23476694524288177,4.883296295573176e-05,1.4093239613411483,,,,
3400,0,-0.0017439848743379116,0.006585818249732256,22.547927856445312,0.2776601016521454,12.228985786437988,1.1570754051208496,4.866793539675126e-05,1.4142031615900814,,,,
3600,0,-0.004745566286146641,0.003535918891429901,25.13800621032715,0.27604952454566956,11.804393768310547,0.16471318900585175,4.849231551964771e-05,1.420663294635334,,,,
3800,0,-0.003197428770363331,0.005146734416484833,24.57525634765625,0.27813878655433655,12.20482349395752,0.37825068831443787,4.8306181921120645e-05,1.4253146903013063,,,,
4000,0,-0.0037662885151803493,0.005406868178397417,23.050575256347656,0.3057718873023987,13.375855445861816,0.22721727192401886,4.81096179031673e-05,1.4217832390781204,,,,
4200,0,-0.004864010959863663,0.0036688053514808416,23.274932861328125,0.2844272255897522,12.392022132873535,0.3336799442768097,4.790271143580174e-05,1.4203348459325813,,,,
4400,0,-0.004977302625775337,0.004193351604044437,21.617549896240234,0.3056884706020355,13.881718635559082,0.3039531111717224,4.768555511768487e-05,1.4237969694781218,,,,
4600,0,-0.005202151834964752,0.0035985808353871107,24.93953514099121,0.2933577597141266,13.152376174926758,0.17674751579761505,4.7458246134682926e-05,1.4308527936657163,,,,
4800,0,-0.004627975169569254,0.005130270961672068,21.032447814941406,0.32527488470077515,15.046463966369629,0.39152991771698,4.722088621637309e-05,1.4339856245159488,,,,
5000,0,-0.0036749071441590786,0.006332251708954573,21.78097915649414,0.3335719704627991,15.121709823608398,0.4491974711418152,4.697358159051549e-05,1.437375712389735,,,,
5200,1,-0.0054551693610847,0.004404802341014147,21.100147247314453,0.32866573333740234,15.013445854187012,0.28749653697013855,4.6716442935512214e-05,1.4343103630156662,,,,
5400,1,-0.0062875207513570786,0.003717137733474374,24.355504989624023,0.3334886133670807,15.133406639099121,0.31225818395614624,4.644958533087443e-05,1.4339082119005664,,,,
5600,1,-0.005961570423096418,0.004555979277938604,23.416282653808594,0.3505849838256836,15.93305492401123,0.30788454413414,4.61731282057198e-05,1.4351040825389534,,,,
5800,1,-0.0059720855206251144,0.00485603604465723,21.634109497070312,0.3609373867511749,17.008319854736328,0.2194625437259674,4.588719528532342e-05,1.437560067075268,,,,
6000,1,-0.006646959111094475,0.004144314676523209,22.81871795654297,0.35970914363861084,16.5466365814209,0.21289855241775513,4.559191453574582e-05,1.439906708360655,,,,
6200,1,-0.006836051121354103,0.004120207391679287,21.415180206298828,0.36520862579345703,17.160146713256836,0.2538429796695709,4.528741810656336e-05,1.4421105354030277,,,,
6400,1,-0.005957530811429024,0.005421176552772522,21.254322052001953,0.37929025292396545,18.202524185180664,0.24971631169319153,4.497384227172603e-05,1.4440813068694278,,,,
6600,1,-0.006821618881076574,0.004338411148637533,21.89453887939453,0.3720010221004486,17.82547950744629,0.17594587802886963,4.465132736856969e-05,1.4459516997669224,,,,
6800,1,-0.0063987793400883675,0.005940254777669907,21.496610641479492,0.4113011360168457,19.477306365966797,0.45210424065589905,4.4320017735009576e-05,1.4477052645965658,,,,
7000,1,-0.007105268072336912,0.004794048611074686,19.531999588012695,0.39664390683174133,19.315988540649414,0.22859278321266174,4.398006164494358e-05,1.4492651770731766,,,,
7200,1,-0.00811058096587658,0.0036287130787968636,20.847312927246094,0.39130979776382446,18.8739070892334,0.1186889186501503,4.3631611241893874e-05,1.450809974429781,,,,
7400,1,-0.008104617707431316,0.003979944624006748,20.502140045166016,0.4028187394142151,19.662378311157227,0.17902031540870667,4.327482247091679e-05,1.4524124126682694,,,,
7600,1,-0.008462885394692421,0.00419660983607173,19.483234405517578,0.42198318243026733,20.873939514160156,0.19160954654216766,4.290985500881143e-05,1.4539921851887647,,,,
7800,1,-0.004976777359843254,0.008287100121378899,17.637100219726562,0.4421292543411255,22.470367431640625,0.3440439999103546,4.2536872192658036e-05,1.4553558423829593,,,,
8000,1,-0.00819429475814104,0.003858884098008275,20.55535125732422,0.4017726182937622,20.34581184387207,0.1437358558177948,4.215604094671835e-05,1.4565906057206848,,,,
8200,1,-0.008549066260457039,0.004153827205300331,20.24225616455078,0.42342978715896606,21.302278518676758,0.1769244372844696,4.176753170773052e-05,1.4578721573791682,,,,
8400,1,-0.008969123475253582,0.003985347226262093,20.53873062133789,0.4318157136440277,21.81890869140625,0.20632877945899963,4.137151834863213e-05,1.4591227598549128,,,,
8600,1,-0.008623303845524788,0.004160483833402395,19.188949584960938,0.42612624168395996,21.524600982666016,0.16469918191432953,4.09681781007452e-05,1.4602230407630126,,,,
8800,1,-0.009294645860791206,0.004147444386035204,19.41884994506836,0.44806966185569763,23.031740188598633,0.2295508235692978,4.055769147445842e-05,1.4613283849551015,,,,
9000,1,-0.009888386353850365,0.003940729424357414,19.042739868164062,0.46097052097320557,23.212181091308594,0.18312333524227142,4.014024217844167e-05,1.4622789014480444,,,,
9200,1,-0.0097231175750494,0.003928432706743479,18.931325912475586,0.4550516903400421,23.321840286254883,0.12238983809947968,3.971601703742932e-05,1.463206178590111,,,,
9400,1,-0.00973455049097538,0.004255897365510464,18.534034729003906,0.466348260641098,24.60556411743164,0.14551018178462982,3.928520590860894e-05,1.4641117047801597,,,,
9600,1,-0.01014517992734909,0.0043741208501160145,18.574865341186523,0.48397669196128845,24.887187957763672,0.11268651485443115,3.884800159665276e-05,1.465022594570638,,,,
9800,1,-0.00995609164237976,0.004740717355161905,19.011302947998047,0.48989367485046387,25.380813598632812,0.14226272702217102,3.840459976743024e-05,1.4658080972856833,,,,
10000,1,-0.009606288745999336,0.0047539398074150085,19.899356842041016,0.4786742925643921,24.55289649963379,0.148345947265625,3.7955198860439886e-05,1.4665778778894918,0.12479462176561355,31.643169593811034,0.39795681774806146,24.79202871322632
10200,1,-0.01014694757759571,0.004417675081640482,19.636146545410156,0.4854874610900879,24.749860763549805,0.11245308071374893,3.7500000000000003e-05,1.448604656000188,,,,
10400,2,-0.010802019387483597,0.004615026991814375,17.72574806213379,0.5139015316963196,26.824337005615234,0.10467760264873505,3.703920690523766e-05,1.4495453325216645,,,,
10600,2,-0.010782510042190552,0.0048473612405359745,18.21396255493164,0.5209956765174866,27.09998321533203,0.12123085558414459,3.657302579891657e-05,1.4498397074846079,,,,
10800,2,-0.01092405617237091,0.004500057082623243,18.116134643554688,0.5141370892524719,26.925437927246094,0.12868276238441467,3.610166531514436e-05,1.445973582384671,,,,
11000,2,-0.010675899684429169,0.004397145472466946,16.325119018554688,0.5024348497390747,26.263179779052734,0.1315310150384903,3.562533640600075e-05,1.4429485299203682,,,,
11200,2,-0.010857176035642624,0.004287672694772482,18.94903564453125,0.5048282742500305,26.3741455078125,0.11735662072896957,3.514425224712835e-05,1.440197437262788,,,,
11400,2,-0.011204836890101433,0.004190261010080576,17.403892517089844,0.5131699442863464,27.135343551635742,0.130082368850708,3.465862814232822e-05,1.4375543940154838,,,,
11600,2,-0.011850317940115929,0.004050441086292267,17.62505340576172,0.5300253033638,27.590843200683594,0.1187869980931282,3.416868142720316e-05,1.436837021989831,,,,
11800,2,-0.011904401704668999,0.004489138722419739,16.40251350402832,0.5464513301849365,29.04707908630371,0.0919039323925972,3.367463137189156e-05,1.4363471391882303,,,,
12000,2,-0.011211873963475227,0.004514792468398809,18.780746459960938,0.5242222547531128,27.49846839904785,0.13880875706672668,3.3176699082935545e-05,1.435311608976899,,,,
12200,2,-0.011558903381228447,0.00462176650762558,17.007442474365234,0.5393556952476501,28.55762481689453,0.12103551626205444,3.2675107404327194e-05,1.4336242437911304,,,,
12400,2,-0.011402556672692299,0.005060750525444746,17.918537139892578,0.5487769246101379,28.343486785888672,0.12774527072906494,3.217008081777726e-05,1.433060274520564,,,,
12600,2,-0.011980799958109856,0.0046204328536987305,16.3923397064209,0.5533744692802429,29.50616455078125,0.09428006410598755,3.166184534225087e-05,1.434336412063925,,,,
12800,2,-0.011882312595844269,0.0043278406374156475,19.06638526916504,0.5403384566307068,29.301347732543945,0.10288744419813156,3.115062843281534e-05,1.434932437265521,,,,
13000,2,-0.01200844906270504,0.004450480919331312,16.118091583251953,0.5486310124397278,29.979143142700195,0.11112413555383682,3.0636658878845115e-05,1.4348576368686692,,,,
13200,2,-0.011791892349720001,0.00478272745385766,17.921056747436523,0.552487313747406,29.772048950195312,0.11324268579483032,3.012016670162977e-05,1.431922367501371,,,,
13400,2,-0.012396086007356644,0.004791619721800089,16.47954750061035,0.5729235410690308,30.95949935913086,0.1324973702430725,2.960138305143051e-05,1.4289686656655023,,,,
13600,2,-0.010836120694875717,0.006012619007378817,17.87015151977539,0.5616246461868286,30.011024475097656,0.14266905188560486,2.9080540104031485e-05,1.4295180018200624,,,,
13800,2,-0.012763758189976215,0.004208042286336422,15.097879409790039,0.5657266974449158,31.65627098083496,0.09276185929775238,2.8557870956832132e-05,1.4321849220419975,,,,
14000,2,-0.013183720409870148,0.004208027850836515,17.15719985961914,0.5797249674797058,31.02605438232422,0.08358070254325867,2.803360952452705e-05,1.4337138211611524,,,,
14200,2,-0.01236865483224392,0.004967333748936653,15.660740852355957,0.5778663158416748,31.900203704833984,0.12279298156499863,2.7507990434420126e-05,1.4307500620274722,,,,
14400,2,-0.013322938233613968,0.004121297970414162,18.149675369262695,0.5814745426177979,31.406856536865234,0.08961205929517746,2.698124892141971e-05,1.4284120676865129,,,,
14600,2,-0.011514559388160706,0.0057671708054840565,16.489957809448242,0.5760576725006104,31.81159019470215,0.1139693334698677,2.6453620722761896e-05,1.4308220488092673,,,,
14800,2,-0.012177007272839546,0.005331005435436964,15.969500541687012,0.5836004614830017,32.28129196166992,0.10580650717020035,2.5925341972508955e-05,1.4336076177053427,,,,
15000,2,-0.01334453746676445,0.004122333601117134,15.73827075958252,0.5822290778160095,32.50910186767578,0.08986355364322662,2.5396649095870202e-05,1.4360475726597912,,,,
15200,2,-0.013935121707618237,0.003977942280471325,15.556061744689941,0.597102165222168,33.20478820800781,0.08494167029857635,2.4867778703392554e-05,1.4370394011313274,,,,
15400,2,-0.013701705262064934,0.004317151848226786,16.291770935058594,0.6006285548210144,33.395572662353516,0.08946306258440018,2.4338967485068167e-05,1.438035114069293,,,,
15600,3,-0.012117058038711548,0.005619331728667021,15.742609024047852,0.591213047504425,32.95028305053711,0.14133189618587494,2.3810452104406444e-05,1.4369829928284645,,,,
15800,3,-0.013622971251606941,0.0043677291832864285,15.349687576293945,0.5996900200843811,33.47471618652344,0.08814210444688797,2.3282469092517978e-05,1.4343531272774082,,,,
16000,3,-0.01407022774219513,0.004543611779808998,15.702741622924805,0.6204613447189331,34.21482467651367,0.1042688861489296,2.275525474225771e-05,1.4328978972768838,,,,
16200,3,-0.012270648032426834,0.006395617034286261,14.139537811279297,0.6222088932991028,34.711151123046875,0.1622176617383957,2.222904500247473e-05,1.4349908986779227,,,,
16400,3,-0.013252386823296547,0.005281033460050821,15.59235954284668,0.6177806854248047,34.38751220703125,0.10333839803934097,2.1704075372415995e-05,1.437191509193832,,,,
16600,3,-0.014473151415586472,0.004328031092882156,15.80101490020752,0.6267061233520508,35.01590347290039,0.07554914057254791,2.1180580796331324e-05,1.4389477270196793,,,,
16800,3,-0.014457429759204388,0.004360734485089779,14.709400177001953,0.6272721290588379,34.966224670410156,0.10399076342582703,2.0658795558326743e-05,1.4375818752712342,,,,
17000,3,-0.014196882955729961,0.004460199736058712,16.07628631591797,0.6219027638435364,34.493717193603516,0.09867819398641586,2.013895317751323e-05,1.4396219799177647,,,,
17200,3,-0.013687605038285255,0.004720184952020645,15.05063247680664,0.6135930418968201,34.90483093261719,0.1093844324350357,1.9621286303497915e-05,1.4418111485906533,,,,
17400,3,-0.013728171586990356,0.0048550027422606945,13.871846199035645,0.6194391846656799,35.94948196411133,0.1253037452697754,1.9106026612264316e-05,1.4450690892960578,,,,
17600,3,-0.01428435929119587,0.004963161423802376,14.91486644744873,0.641584038734436,35.96098709106445,0.11271216720342636,1.8593404702488437e-05,1.4446569325989445,,,,
17800,3,-0.013229787349700928,0.005202632863074541,14.987613677978516,0.6144139766693115,34.33023452758789,0.1456698179244995,1.8083649992336826e-05,1.4462171847916847,,,,
18000,3,-0.014664880931377411,0.004393736366182566,14.177139282226562,0.6352872252464294,36.17819595336914,0.11053786426782608,1.7576990616793137e-05,1.4473640663664844,,,,
18200,3,-0.014286903664469719,0.004588544834405184,15.315969467163086,0.6291816234588623,35.874393463134766,0.1089557334780693,1.707365332555883e-05,1.4486351880300656,,,,
18400,3,-0.015572736971080303,0.003893176792189479,13.930529594421387,0.6488637924194336,36.93959426879883,0.087624691426754,1.6573863381573956e-05,1.4496958274066352,,,,
18600,3,-0.015025611035525799,0.004373597912490368,15.138622283935547,0.6466403007507324,36.65480041503906,0.09613433480262756,1.6077844460203206e-05,1.4503847382812476,,,,
18800,3,-0.015325993299484253,0.004002761095762253,13.750226020812988,0.6442918181419373,36.98360824584961,0.07753874361515045,1.5585818549132532e-05,1.4510556623577802,,,,
19000,3,-0.015305735170841217,0.0049509331583976746,14.585956573486328,0.6752222776412964,37.92124938964844,0.09864559024572372,1.509800584902108e-05,1.451713979333421,,,,
19200,3,-0.014958778396248817,0.005124111194163561,15.091911315917969,0.6694296598434448,37.825462341308594,0.12257492542266846,1.4614624674952842e-05,1.4524741561438985,,,,
19400,3,-0.01559916976839304,0.00432660523802042,14.13483715057373,0.6641924977302551,37.50909423828125,0.10108104348182678,1.4135891358732206e-05,1.4530822451239003,,,,
19600,3,-0.015016559511423111,0.00450006453320384,14.655997276306152,0.6505541801452637,37.8545036315918,0.10752370208501816,1.3662020152067061e-05,1.4536956615072765,,,,
19800,3,-0.01491148304194212,0.0047325072810053825,14.635412216186523,0.6547996997833252,37.45052719116211,0.1144360825419426,1.3193223130682936e-05,1.4533211603563845,,,,
20000,3,-0.015645360574126244,0.004320282954722643,13.613799095153809,0.6655214428901672,38.319828033447266,0.11021631956100464,1.2729710099410802e-05,1.4534276157574628,0.00528804927598685,14.077162742614746,0.570269987969412,37.28247203826904
20200,3,-0.014572959393262863,0.0051122489385306835,14.837440490722656,0.6561736464500427,37.83266830444336,0.10500179976224899,1.2271688498291335e-05,1.4532196161357953,,,,
20400,3,-0.01461270172148943,0.004906310699880123,15.390181541442871,0.6506337523460388,37.16631317138672,0.09656104445457458,1.181936330973744e-05,1.4538119549546793,,,,
20600,4,-0.014779465273022652,0.0046421620063483715,14.488471984863281,0.6473876237869263,37.168968200683594,0.09203331172466278,1.137293696679671e-05,1.4541869261122293,,,,
20800,4,-0.015206336975097656,0.004745962098240852,13.531984329223633,0.6650766730308533,37.76435852050781,0.10019509494304657,1.0932609262554747e-05,1.4551771233684319,,,,
21000,4,-0.014722236432135105,0.005612815730273724,15.654520034790039,0.6778351068496704,38.017452239990234,0.10938653349876404,1.049857726072005e-05,1.4548439858123596,,,,
21200,4,-0.015376823022961617,0.004578153137117624,14.514223098754883,0.665165901184082,38.167449951171875,0.10856882482767105,1.0071035207430352e-05,1.4561143872302402,,,,
21400,4,-0.015401268377900124,0.004354606848210096,14.549090385437012,0.6585292220115662,37.94191360473633,0.09489593654870987,9.650174444319957e-06,1.4573057437043468,,,,
21600,4,-0.014485151506960392,0.006259107030928135,13.667542457580566,0.6914752721786499,39.643218994140625,0.12116516381502151,9.236183322886945e-06,1.457837039772307,,,,
21800,4,-0.015381008386611938,0.004385973792523146,12.587644577026367,0.6588994264602661,38.77547073364258,0.08680365979671478,8.829247120198563e-06,1.4583421215787002,,,,
22000,4,-0.015797972679138184,0.004507421050220728,12.991305351257324,0.676846444606781,39.09288024902344,0.09829553216695786,8.4295479559726e-06,1.458840428435375,,,,
22200,4,-0.01592259481549263,0.004333650227636099,13.974870681762695,0.6752082109451294,38.40656661987305,0.08771630376577377,8.0372647110717e-06,1.4593381446517644,,,,
22400,4,-0.014930158853530884,0.005562819540500641,14.572632789611816,0.6830992698669434,39.147953033447266,0.1140361949801445,7.652572947447274e-06,1.4598020956471365,,,,
22600,4,-0.016699614003300667,0.003714136779308319,12.1373929977417,0.6804583668708801,39.44324493408203,0.0814041718840599,7.275644829568748e-06,1.4602562618644055,,,,
22800,4,-0.015036121010780334,0.004624702036380768,12.796116828918457,0.655360758304596,38.088645935058594,0.10949669778347015,6.906649047373246e-06,1.4607128636071092,,,,
23000,4,-0.015862425789237022,0.0045080468989908695,12.549678802490234,0.6790157556533813,39.59565353393555,0.09815272688865662,6.545750740770337e-06,1.4612763798070354,,,,
23200,4,-0.015686094760894775,0.004518452566117048,13.067822456359863,0.6734849214553833,39.154747009277344,0.0869387686252594,6.193111425735515e-06,1.4617222223159105,,,,
23400,4,-0.015869908034801483,0.004805922508239746,13.62608528137207,0.68919438123703,39.54408264160156,0.09636665135622025,5.848888922025553e-06,1.4621582106910567,,,,
23600,4,-0.01605314388871193,0.004115488845854998,13.910890579223633,0.6722877621650696,38.90815353393555,0.08133392035961151,5.513237282548034e-06,1.4626163262505893,,,,
23800,4,-0.015029552392661572,0.005531412549316883,12.8782958984375,0.6853654980659485,39.79435348510742,0.11830709874629974,5.186306724416715e-06,1.4617487027720146,,,,
24000,4,-0.01551646925508976,0.0053882296197116375,12.7814359664917,0.6968232989311218,39.99778747558594,0.11053073406219482,4.868243561723535e-06,1.4627893267196932,,,,
24200,4,-0.01601835899055004,0.004440093878656626,12.957883834838867,0.6819484233856201,39.66334915161133,0.09140414744615555,4.5591901400574285e-06,1.4635782844018514,,,,
24400,4,-0.015857400372624397,0.004857838619500399,14.187084197998047,0.6905079483985901,39.88676834106445,0.08936391770839691,4.2592847727991e-06,1.46399963630239,,,,
24600,4,-0.01594487763941288,0.0048232302069664,14.04085636138916,0.6922702789306641,39.79108428955078,0.09877516329288483,3.968661679220468e-06,1.4643799432245717,,,,
24800,4,-0.014700345695018768,0.006155567709356546,14.685192108154297,0.6951971054077148,39.84061813354492,0.12049153447151184,3.6874509244163414e-06,1.4645583095877641,,,,
25000,4,-0.01464653480798006,0.00618875864893198,12.77733039855957,0.6945098042488098,40.06192398071289,0.1282423585653305,3.415778361095226e-06,1.4644312215685755,,,,
25200,4,-0.016524799168109894,0.0047455825842916965,12.795029640197754,0.7090127468109131,41.063907623291016,0.09193475544452667,3.1537655732553768e-06,1.4653948279845814,,,,
25400,4,-0.01339629478752613,0.007760105188935995,13.14362907409668,0.7052133679389954,40.781829833984375,0.15560339391231537,2.9015298217712457e-06,1.4661646844527743,,,,
25600,4,-0.016193673014640808,0.004453177098184824,13.274184226989746,0.6882283091545105,39.739742279052734,0.10009828954935074,2.659183991914696e-06,1.467248410862327,,,,
25800,5,-0.01588725671172142,0.004949329886585474,13.957174301147461,0.6945528984069824,39.54445266723633,0.09229966253042221,2.4268365428344736e-06,1.4674431762009301,,,,
26000,5,-0.015235694125294685,0.005277884658426046,13.72867202758789,0.6837859749794006,39.2673225402832,0.10760451853275299,2.2045914590165253e-06,1.4678310014582665,,,,
26200,5,-0.015443374402821064,0.004631764255464077,13.930403709411621,0.6691713333129883,39.015594482421875,0.09828488528728485,1.9925482037469188e-06,1.4681483661897836,,,,
26400,5,-0.016782328486442566,0.004169689025729895,12.231121063232422,0.698400616645813,40.44978332519531,0.09209244698286057,1.790801674598186e-06,1.4685713366164337,,,,
26600,5,-0.016012046486139297,0.004665726330131292,13.77593994140625,0.6892591118812561,39.78383255004883,0.10871182382106781,1.5994421609589388e-06,1.4689148516269697,,,,
26800,5,-0.015360112302005291,0.005440921522676945,14.387392044067383,0.6933677792549133,39.4023323059082,0.09201238304376602,1.4185553036259097e-06,1.469739387812449,,,,
27000,5,-0.0158791895955801,0.004761705175042152,12.664697647094727,0.6880298256874084,40.2986946105957,0.08190836757421494,1.248222056476367e-06,1.4695021276300064,,,,
27200,5,-0.01584385707974434,0.004730349872261286,13.060013771057129,0.6858068704605103,39.89999008178711,0.09915056824684143,1.0885186502381017e-06,1.4686623653755824,,,,
27400,5,-0.015906983986496925,0.004535982850939035,12.68526554107666,0.6814322471618652,39.662620544433594,0.0877283439040184,9.39516558373238e-07,1.4669916859600043,,,,
27600,5,-0.015566650778055191,0.0052638971246778965,11.207240104675293,0.6943516135215759,41.00209045410156,0.09909484535455704,8.012824650910938e-07,1.465454572175407,,,,
27800,5,-0.01518342923372984,0.0049880268052220345,13.882904052734375,0.6723818778991699,38.83473587036133,0.09891357272863388,6.738782355044049e-07,1.4666546907277622,,,,
28000,5,-0.016838185489177704,0.004081336781382561,13.111974716186523,0.6973174214363098,40.75959396362305,0.07705666124820709,5.573608879422876e-07,1.4677673165927083,,,,
28200,5,-0.015909165143966675,0.00502537889406085,12.796188354492188,0.6978181600570679,40.18266296386719,0.08728832006454468,4.517825684323324e-07,1.467978563440874,,,,
28400,5,-0.015633122995495796,0.0049877711571753025,12.319787979125977,0.6873631477355957,40.26481246948242,0.08713256567716599,3.571905273632381e-07,1.4685148987034622,,,,
28600,5,-0.015736732631921768,0.004785461351275444,12.45980453491211,0.6840731501579285,40.40020751953125,0.10366176813840866,2.7362709833842757e-07,1.469632512893655,,,,
28800,5,-0.015668878331780434,0.005135586019605398,15.017555236816406,0.6934821605682373,40.24402618408203,0.09993093460798264,2.011296792301165e-07,1.4704241054683849,,,,
29000,5,-0.01625824347138405,0.0045190174132585526,13.059316635131836,0.6925753951072693,40.070091247558594,0.0791868269443512,1.397307154423322e-07,1.4707458769087043,,,,
29200,5,-0.015410047024488449,0.005159873981028795,14.74533748626709,0.6856640577316284,39.953575134277344,0.10363669693470001,8.945768539031785e-08,1.4710546866168346,,,,
29400,5,-0.016515659168362617,0.004296297673135996,13.015325546264648,0.6937319040298462,40.250701904296875,0.07252273708581924,5.033308820289184e-08,1.4713488765550742,,,,
29600,5,-0.01626051589846611,0.004823847208172083,13.135700225830078,0.7028120756149292,40.47463607788086,0.0959991067647934,2.237443365320502e-08,1.471639675640792,,,,
29800,5,-0.016024932265281677,0.004531749524176121,14.325485229492188,0.6852227449417114,39.91407012939453,0.09190109372138977,5.5942343224535395e-09,1.471921350237582,,,,
30000,5,-0.016242163255810738,0.0043311468325555325,12.14179801940918,0.6857770085334778,40.33427810668945,0.0964386835694313,0.0,1.472205156164512,0.0025471372180618347,13.863225603103638,0.5945854167348742,39.655181884765625
